name,node_id,osm_node_id,railway,level_crossing,access,description,x_coord,y_coord,geometry
,0,182172943,level_crossing,,,,-78.7583705,39.6281187,POINT (-78.7583705 39.6281187)
,1,182195383,,,,,-78.7600562,39.6280227,POINT (-78.76005619999999 39.6280227)
,2,182195384,level_crossing,,,,-78.7594783,39.6280412,POINT (-78.7594783 39.6280412)
,3,182195389,,,,,-78.7581665,39.628131,POINT (-78.7581665 39.628131)
,4,182195390,,,,,-78.7577967,39.6281136,POINT (-78.7577967 39.6281136)
,5,182195393,,,,,-78.7573592,39.6280394,POINT (-78.7573592 39.6280394)
,6,182197551,,,,,-78.7563225,39.6273273,POINT (-78.7563225 39.6273273)
,7,182197553,,,,,-78.755653,39.62741,POINT (-78.755653 39.62741)
,8,182197555,,,,,-78.7548137,39.62751,POINT (-78.7548137 39.62751)
,9,182197557,,,,,-78.7531309,39.6277675,POINT (-78.7531309 39.6277675)
,10,182197559,,,,,-78.7522866,39.6278455,POINT (-78.75228660000001 39.6278455)
,11,182218145,,,,,-78.7648649,39.6300219,POINT (-78.76486490000001 39.6300219)
,12,182218147,,,,,-78.7647207,39.6300675,POINT (-78.7647207 39.6300675)
,13,182218149,,,,,-78.7645659,39.6301008,POINT (-78.76456589999999 39.6301008)
,14,182218151,,,,,-78.763949,39.6301677,POINT (-78.763949 39.6301677)
,15,182218153,,,,,-78.763453,39.6301161,POINT (-78.763453 39.6301161)
,16,182218156,,,,,-78.7630518,39.6300072,POINT (-78.7630518 39.6300072)
,17,182221464,,,,,-78.7645645,39.6297975,POINT (-78.76456450000001 39.6297975)
,18,182221466,,,,,-78.7643885,39.6297843,POINT (-78.7643885 39.6297843)
,19,182221468,,,,,-78.7640477,39.6297306,POINT (-78.76404770000001 39.6297306)
,20,182221470,,,,,-78.7638068,39.6296804,POINT (-78.7638068 39.6296804)
,21,182221474,,,,,-78.7623109,39.6293524,POINT (-78.7623109 39.6293524)
,22,182221476,,,,,-78.7605215,39.6289592,POINT (-78.7605215 39.6289592)
,23,182221478,,,,,-78.7601911,39.6288738,POINT (-78.7601911 39.6288738)
,24,182221480,,,,,-78.7597789,39.6287348,POINT (-78.7597789 39.6287348)
,25,182221487,,,,,-78.7590562,39.6285031,POINT (-78.7590562 39.6285031)
,26,182221493,,,,,-78.7577011,39.6281656,POINT (-78.75770110000001 39.6281656)
,27,182261745,,,,,-78.734715,39.6236164,POINT (-78.73471499999999 39.6236164)
,28,182261748,,,,,-78.7349701,39.623945,POINT (-78.7349701 39.623945)
,29,182261749,,,,,-78.7352525,39.6242605,POINT (-78.7352525 39.6242605)
,30,182261752,,,,,-78.7355609,39.6245568,POINT (-78.7355609 39.6245568)
,31,182261758,,,,,-78.7363248,39.6251792,POINT (-78.73632480000001 39.6251792)
,32,182261761,,,,,-78.7367611,39.6254584,POINT (-78.7367611 39.6254584)
,33,182261763,,,,,-78.7371157,39.625662,POINT (-78.7371157 39.625662)
,34,182261765,switch,,,,-78.7387288,39.6265237,POINT (-78.7387288 39.6265237)
,35,182261767,switch,,,,-78.7388146,39.626569,POINT (-78.7388146 39.626569)
,36,182261769,,,,,-78.7403138,39.6273686,POINT (-78.7403138 39.6273686)
,37,182261771,,,,,-78.7406711,39.627553,POINT (-78.7406711 39.627553)
,38,182261773,,,,,-78.7410725,39.6277385,POINT (-78.7410725 39.6277385)
,39,182261775,,,,,-78.7413899,39.6278667,POINT (-78.7413899 39.6278667)
,40,182261776,,,,,-78.7416999,39.6279707,POINT (-78.7416999 39.6279707)
,41,182261778,,,,,-78.7468826,39.6294461,POINT (-78.74688260000001 39.6294461)
,42,182261780,,,,,-78.7472312,39.6295257,POINT (-78.7472312 39.6295257)
,43,182261783,,,,,-78.7475304,39.6295813,POINT (-78.7475304 39.6295813)
,44,182261788,,,,,-78.7480783,39.6296606,POINT (-78.7480783 39.6296606)
,45,182261791,level_crossing,,,,-78.7629262,39.6313684,POINT (-78.7629262 39.6313684)
,46,182262452,,,,,-78.7506209,39.6279632,POINT (-78.7506209 39.6279632)
,47,182262458,,,,,-78.7519424,39.6279127,POINT (-78.7519424 39.6279127)
,48,182262461,,,,,-78.7540758,39.6277196,POINT (-78.7540758 39.6277196)
,49,182262464,,,,,-78.7551862,39.6277025,POINT (-78.7551862 39.6277025)
,50,182262466,,,,,-78.7559269,39.6277761,POINT (-78.75592690000001 39.6277761)
,51,182262468,,,,,-78.7562907,39.6278369,POINT (-78.75629069999999 39.6278369)
,52,182262469,,,,,-78.7566878,39.6279188,POINT (-78.75668779999999 39.6279188)
,53,182262471,,,,,-78.7592651,39.6286736,POINT (-78.75926509999999 39.6286736)
,54,182262473,,,,,-78.759864,39.628856,POINT (-78.75986399999999 39.628856)
,55,182262477,,,,,-78.7634089,39.6302106,POINT (-78.7634089 39.6302106)
,56,182262479,,,,,-78.7637427,39.6304467,POINT (-78.76374269999999 39.6304467)
,57,182262481,,,,,-78.7639131,39.6306112,POINT (-78.7639131 39.6306112)
,58,182263165,,,,,-78.7635666,39.6315724,POINT (-78.7635666 39.6315724)
,59,182263168,,,,,-78.7632746,39.6314847,POINT (-78.7632746 39.6314847)
,60,182263173,,,,,-78.7626257,39.6313571,POINT (-78.7626257 39.6313571)
,61,182263188,,,,,-78.7480719,39.6296981,POINT (-78.7480719 39.6296981)
,62,182263191,,,,,-78.7477697,39.6296565,POINT (-78.74776970000001 39.6296565)
,63,182263194,,,,,-78.7468732,39.629479,POINT (-78.7468732 39.629479)
,64,182263209,,,,,-78.7416818,39.6279993,POINT (-78.74168179999999 39.6279993)
,65,182263212,,,,,-78.741058,39.6277688,POINT (-78.741058 39.6277688)
,66,182263215,,,,,-78.7406505,39.6275835,POINT (-78.7406505 39.6275835)
,67,182263230,,,,,-78.737091,39.6256953,POINT (-78.73709100000001 39.6256953)
,68,182263232,,,,,-78.7367306,39.6254912,POINT (-78.7367306 39.6254912)
,69,182263234,,,,,-78.7362947,39.6252079,POINT (-78.7362947 39.6252079)
,70,182263236,,,,,-78.7359183,39.6249238,POINT (-78.73591829999999 39.6249238)
,71,182263238,,,,,-78.7355195,39.6245827,POINT (-78.7355195 39.6245827)
,72,182263240,,,,,-78.735214,39.6242824,POINT (-78.735214 39.6242824)
,73,182263243,,,,,-78.7349364,39.6239715,POINT (-78.7349364 39.6239715)
,74,879766316,,,,,-78.7570778,39.6280461,POINT (-78.7570778 39.6280461)
,75,879766318,,,,,-78.7622629,39.6312736,POINT (-78.7622629 39.6312736)
,76,879766342,,,,,-78.7522892,39.627884,POINT (-78.75228920000001 39.627884)
,77,879766387,,,,,-78.7508856,39.6279654,POINT (-78.7508856 39.6279654)
,78,879766394,,,,,-78.7635823,39.6303191,POINT (-78.7635823 39.6303191)
,79,879766439,level_crossing,,,,-78.7547093,39.6276936,POINT (-78.7547093 39.6276936)
,80,879766454,,,,,-78.7437541,39.6267021,POINT (-78.7437541 39.6267021)
,81,879766458,,,,,-78.7346738,39.6236378,POINT (-78.7346738 39.6236378)
,82,879766463,,,,,-78.7515669,39.6279322,POINT (-78.7515669 39.6279322)
,83,879766479,,,,,-78.7475243,39.629618,POINT (-78.74752429999999 39.629618)
,84,879766527,,,,,-78.7413363,39.6260936,POINT (-78.7413363 39.6260936)
,85,879766532,,,,,-78.7587379,39.6285187,POINT (-78.7587379 39.6285187)
,86,879766535,,,,,-78.7626312,39.6313243,POINT (-78.7626312 39.6313243)
,87,879766559,,,,,-78.7477765,39.6296199,POINT (-78.7477765 39.6296199)
,88,879766580,,,,,-78.7408068,39.6259159,POINT (-78.7408068 39.6259159)
,89,879766598,,,,,-78.741378,39.627894,POINT (-78.741378 39.627894)
,90,879766624,,,,,-78.7503154,39.627955,POINT (-78.75031540000001 39.627955)
,91,879766627,,,,,-78.7631656,39.6300894,POINT (-78.76316559999999 39.6300894)
,92,879766630,,,,,-78.7472252,39.6295591,POINT (-78.7472252 39.6295591)
,93,879766642,,,,,-78.7629997,39.6300282,POINT (-78.76299969999999 39.6300282)
,94,879766650,,,,,-78.7632852,39.6314529,POINT (-78.7632852 39.6314529)
,95,879766656,,,,,-78.740282,39.6273975,POINT (-78.74028199999999 39.6273975)
,96,879766659,,,,,-78.7543686,39.6276974,POINT (-78.75436860000001 39.6276974)
,97,879766663,,,,,-78.762256,39.63131,POINT (-78.76225599999999 39.63131)
,98,879766696,,,,,-78.7564977,39.6278732,POINT (-78.7564977 39.6278732)
,99,879766729,,,,,-78.7555967,39.6277354,POINT (-78.7555967 39.6277354)
,100,879851811,,,,,-78.7641621,39.629476,POINT (-78.76416209999999 39.629476)
,101,879851814,,,,,-78.7646371,39.6297154,POINT (-78.7646371 39.6297154)
,102,879851818,,,,,-78.7575754,39.6280821,POINT (-78.75757539999999 39.6280821)
,103,879851824,,,,,-78.7581861,39.6282085,POINT (-78.7581861 39.6282085)
,104,879851826,,,,,-78.7603919,39.6280916,POINT (-78.7603919 39.6280916)
,105,879851831,,,,,-78.7644656,39.6300547,POINT (-78.76446559999999 39.6300547)
,106,879851832,,,,,-78.7641707,39.6302703,POINT (-78.76417069999999 39.6302703)
,107,879851834,,,,,-78.7641399,39.6305934,POINT (-78.7641399 39.6305934)
,108,879851836,,,,,-78.7603278,39.6287178,POINT (-78.7603278 39.6287178)
,109,879851840,,,,,-78.7543493,39.6275756,POINT (-78.7543493 39.6275756)
,110,879851842,,,,,-78.7607041,39.6289601,POINT (-78.7607041 39.6289601)
,111,879851844,,,,,-78.7647876,39.6294874,POINT (-78.76478760000001 39.6294874)
,112,879851850,,,,,-78.7641276,39.629572,POINT (-78.76412759999999 39.629572)
,113,879851858,,,,,-78.7579023,39.6280678,POINT (-78.7579023 39.6280678)
,114,879851860,,,,,-78.7653177,39.6297233,POINT (-78.7653177 39.6297233)
,115,879851862,switch,,,,-78.7618206,39.6280792,POINT (-78.76182059999999 39.6280792)
,116,879851865,,,,,-78.7623621,39.6286113,POINT (-78.7623621 39.6286113)
,117,879851866,,,,,-78.7645458,39.6298684,POINT (-78.76454579999999 39.6298684)
,118,879851868,,,,,-78.7636291,39.6294028,POINT (-78.7636291 39.6294028)
,119,879851875,,,,,-78.7628157,39.6289054,POINT (-78.7628157 39.6289054)
,120,879851879,,,,,-78.7649171,39.6300936,POINT (-78.76491710000001 39.6300936)
,121,879851880,,,,,-78.7603808,39.6281115,POINT (-78.76038079999999 39.6281115)
,122,879851882,,,,,-78.7565058,39.627836,POINT (-78.7565058 39.627836)
,123,879851887,,,,,-78.7590373,39.6283681,POINT (-78.7590373 39.6283681)
,124,879851892,,,,,-78.7569487,39.6277182,POINT (-78.7569487 39.6277182)
,125,879851894,,,,,-78.756058,39.6276564,POINT (-78.756058 39.6276564)
,126,879851895,,,,,-78.7641917,39.6304651,POINT (-78.7641917 39.6304651)
,127,879851898,,,,,-78.7638697,39.6294466,POINT (-78.7638697 39.6294466)
,128,879851903,,,,,-78.7643151,39.6296812,POINT (-78.7643151 39.6296812)
,129,879851905,,,,,-78.7593445,39.6280802,POINT (-78.7593445 39.6280802)
,130,879851909,,,,,-78.7599959,39.628046,POINT (-78.75999590000001 39.628046)
,131,879851911,,,,,-78.7619094,39.6287368,POINT (-78.76190939999999 39.6287368)
,132,879851912,,,,,-78.7653388,39.6298728,POINT (-78.76533879999999 39.6298728)
,133,879851914,,,,,-78.7638019,39.6301848,POINT (-78.7638019 39.6301848)
,134,879851923,,,,,-78.7610757,39.6288343,POINT (-78.76107570000001 39.6288343)
,135,879851930,,,,,-78.7554991,39.6276897,POINT (-78.75549909999999 39.6276897)
,136,879851932,,,,,-78.765303,39.6297879,POINT (-78.765303 39.6297879)
,137,879851933,,,,,-78.7596579,39.6281239,POINT (-78.75965789999999 39.6281239)
,138,879851943,,,,,-78.7543629,39.6276602,POINT (-78.7543629 39.6276602)
,139,879851945,,,,,-78.763507,39.6294523,POINT (-78.763507 39.6294523)
,140,879851947,,,,,-78.7616219,39.6284783,POINT (-78.76162189999999 39.6284783)
,141,879851948,,,,,-78.7604586,39.6288612,POINT (-78.76045860000001 39.6288612)
,142,879851950,,,,,-78.7630863,39.6292432,POINT (-78.7630863 39.6292432)
,143,879851953,,,,,-78.7618736,39.6284555,POINT (-78.7618736 39.6284555)
,144,879851955,,,,,-78.7620389,39.6283377,POINT (-78.76203889999999 39.6283377)
,145,879851957,,,,,-78.7570634,39.6275348,POINT (-78.75706340000001 39.6275348)
,146,879851959,,,,,-78.7598392,39.6281648,POINT (-78.7598392 39.6281648)
,147,879851963,,,,,-78.7653306,39.6297028,POINT (-78.7653306 39.6297028)
,148,879851964,,,,,-78.7643533,39.6295026,POINT (-78.7643533 39.6295026)
,149,879851973,,,,,-78.7559321,39.6277391,POINT (-78.7559321 39.6277391)
,150,879851976,,,,,-78.7579714,39.6281296,POINT (-78.7579714 39.6281296)
,151,879851978,,,,,-78.7585439,39.6282693,POINT (-78.75854390000001 39.6282693)
,152,879851979,,,,,-78.7561505,39.6277201,POINT (-78.7561505 39.6277201)
,153,879851981,,,,,-78.7623597,39.6284014,POINT (-78.7623597 39.6284014)
,154,879851983,,,,,-78.7551746,39.6276631,POINT (-78.7551746 39.6276631)
,155,879851984,,,,,-78.7643842,39.6303378,POINT (-78.76438419999999 39.6303378)
,156,879851994,,,,,-78.7610467,39.628913,POINT (-78.76104669999999 39.628913)
,157,879851997,,,,,-78.7634527,39.6294931,POINT (-78.7634527 39.6294931)
,158,879852000,,,,,-78.7627437,39.6294057,POINT (-78.7627437 39.6294057)
,159,879852002,,,,,-78.7653134,39.6298329,POINT (-78.7653134 39.6298329)
,160,879852014,,,,,-78.764304,39.6295948,POINT (-78.764304 39.6295948)
,161,879852016,,,,,-78.7602871,39.6280317,POINT (-78.7602871 39.6280317)
,162,879852018,,,,,-78.758059,39.628084,POINT (-78.758059 39.628084)
,163,879852025,,,,,-78.7581738,39.6283187,POINT (-78.75817379999999 39.6283187)
,164,879852028,,,,,-78.7608274,39.6282208,POINT (-78.7608274 39.6282208)
,165,879852033,,,,,-78.7605758,39.6280498,POINT (-78.7605758 39.6280498)
,166,879852035,,,,,-78.7648789,39.6298019,POINT (-78.7648789 39.6298019)
,167,879852038,,,,,-78.7610939,39.6282208,POINT (-78.76109390000001 39.6282208)
,168,879852040,,,,,-78.7568882,39.6278417,POINT (-78.75688820000001 39.6278417)
,169,879852049,,,,,-78.7562443,39.6276412,POINT (-78.75624430000001 39.6276412)
,170,879852051,,,,,-78.7634885,39.6302057,POINT (-78.76348849999999 39.6302057)
,171,879852056,,,,,-78.7640202,39.6294665,POINT (-78.7640202 39.6294665)
,172,879852057,,,,,-78.7653041,39.6297654,POINT (-78.76530409999999 39.6297654)
,173,879852059,,,,,-78.7621142,39.628121,POINT (-78.7621142 39.628121)
,174,879852065,,,,,-78.7644582,39.6297002,POINT (-78.76445820000001 39.6297002)
,175,879852067,level_crossing,,,,-78.7594903,39.628094,POINT (-78.7594903 39.628094)
,176,879852068,,,,,-78.7623881,39.6287092,POINT (-78.7623881 39.6287092)
,177,879852071,switch,,,,-78.7615602,39.6283519,POINT (-78.76156020000001 39.6283519)
,178,879852074,,,,,-78.7519411,39.627874,POINT (-78.7519411 39.627874)
,179,879852076,,,,,-78.7641251,39.630162,POINT (-78.7641251 39.630162)
,180,879852078,,,,,-78.7575988,39.6280137,POINT (-78.7575988 39.6280137)
,181,879852089,,,,,-78.759289,39.6286284,POINT (-78.759289 39.6286284)
,182,879852091,,,,,-78.7640461,39.630238,POINT (-78.7640461 39.630238)
,183,879852096,,,,,-78.7602488,39.6287349,POINT (-78.7602488 39.6287349)
,184,879852105,,,,,-78.7534006,39.6277258,POINT (-78.75340060000001 39.6277258)
,185,879852109,,,,,-78.7603265,39.6288698,POINT (-78.76032650000001 39.6288698)
,186,879852110,,,,,-78.7649233,39.6296062,POINT (-78.76492330000001 39.6296062)
,187,879852118,,,,,-78.7639943,39.6295482,POINT (-78.76399429999999 39.6295482)
,188,879852126,,,,,-78.7577679,39.628045,POINT (-78.7577679 39.628045)
,189,879852130,,,,,-78.763354,39.6293325,POINT (-78.76335400000001 39.6293325)
,190,879852133,,,,,-78.765001,39.6298523,POINT (-78.765001 39.6298523)
,191,879852135,,,,,-78.7643114,39.6295767,POINT (-78.7643114 39.6295767)
,192,879852143,,,,,-78.7589534,39.6280678,POINT (-78.7589534 39.6280678)
,193,879852146,,,,,-78.7564046,39.6277457,POINT (-78.7564046 39.6277457)
,194,879852149,,,,,-78.7603389,39.6286988,POINT (-78.76033889999999 39.6286988)
,195,879852153,,,,,-78.7653084,39.6297461,POINT (-78.7653084 39.6297461)
,196,879852159,,,,,-78.7557791,39.627664,POINT (-78.7557791 39.627664)
,197,879852167,,,,,-78.7633022,39.6301079,POINT (-78.7633022 39.6301079)
,198,879852174,,,,,-78.7640597,39.6296299,POINT (-78.7640597 39.6296299)
,199,879852175,,,,,-78.7591891,39.6280707,POINT (-78.7591891 39.6280707)
,200,879852179,,,,,-78.7606276,39.6281362,POINT (-78.76062760000001 39.6281362)
,201,879852182,,,,,-78.7513428,39.6279025,POINT (-78.7513428 39.6279025)
,202,879852183,,,,,-78.76177,39.6286845,POINT (-78.76177 39.6286845)
,203,879852186,,,,,-78.7574397,39.6281011,POINT (-78.75743970000001 39.6281011)
,204,879852189,,,,,-78.7647136,39.6298038,POINT (-78.76471359999999 39.6298038)
,205,879852191,,,,,-78.7576716,39.6281191,POINT (-78.75767159999999 39.6281191)
,206,879852196,,,,,-78.7623597,39.6291168,POINT (-78.7623597 39.6291168)
,207,879852212,,,,,-78.7631505,39.6293724,POINT (-78.76315049999999 39.6293724)
,208,879852215,,,,,-78.7621364,39.6280916,POINT (-78.7621364 39.6280916)
,209,879852222,,,,,-78.7597948,39.6286836,POINT (-78.75979479999999 39.6286836)
,210,879852224,,,,,-78.7620722,39.6288071,POINT (-78.76207220000001 39.6288071)
,211,879852225,,,,,-78.7628791,39.6287347,POINT (-78.76287910000001 39.6287347)
,212,879852227,,,,,-78.7617552,39.628294,POINT (-78.7617552 39.628294)
,213,879852229,,,,,-78.7647049,39.6298713,POINT (-78.7647049 39.6298713)
,214,879852230,,,,,-78.7640104,39.6295055,POINT (-78.7640104 39.6295055)
,215,879852240,,,,,-78.7566995,39.6278797,POINT (-78.7566995 39.6278797)
,216,879852241,,,,,-78.7623116,39.628161,POINT (-78.7623116 39.628161)
,217,879852242,,,,,-78.7628498,39.6288134,POINT (-78.7628498 39.6288134)
,218,879852244,,,,,-78.7607633,39.6287634,POINT (-78.76076329999999 39.6287634)
,219,879852245,,,,,-78.7629078,39.6286573,POINT (-78.76290779999999 39.6286573)
,220,879852246,,,,,-78.7643484,39.6301402,POINT (-78.7643484 39.6301402)
,221,879852247,,,,,-78.7590213,39.628409,POINT (-78.7590213 39.628409)
,222,879852249,level_crossing,,,,-78.7547169,39.6276507,POINT (-78.75471690000001 39.6276507)
,223,879852255,,,,,-78.7598935,39.6288242,POINT (-78.7598935 39.6288242)
,224,879852261,,,,,-78.7607213,39.6288394,POINT (-78.7607213 39.6288394)
,225,879852262,,,,,-78.7623375,39.6292727,POINT (-78.7623375 39.6292727)
,226,879852265,,,,,-78.759764,39.6280346,POINT (-78.759764 39.6280346)
,227,879852268,,,,,-78.7601415,39.6280583,POINT (-78.7601415 39.6280583)
,228,879852269,,,,,-78.7540742,39.6276811,POINT (-78.75407420000001 39.6276811)
,229,879852286,,,,,-78.7559753,39.6277106,POINT (-78.7559753 39.6277106)
,230,879852292,,,,,-78.7579196,39.6282417,POINT (-78.75791959999999 39.6282417)
,231,879852296,,,,,-78.761902,39.6285743,POINT (-78.76190200000001 39.6285743)
,232,879852304,,,,,-78.7641091,39.6298494,POINT (-78.7641091 39.6298494)
,233,879852306,,,,,-78.7620981,39.6285325,POINT (-78.7620981 39.6285325)
,234,879852308,,,,,-78.7566008,39.627778,POINT (-78.7566008 39.627778)
,235,879852317,switch,,,,-78.7615602,39.6286151,POINT (-78.76156020000001 39.6286151)
,236,879852322,,,,,-78.7646531,39.6295463,POINT (-78.7646531 39.6295463)
,237,879852334,,,,,-78.7562973,39.6277951,POINT (-78.7562973 39.6277951)
,238,879852336,,,,,-78.7653059,39.6298097,POINT (-78.7653059 39.6298097)
,239,879852337,,,,,-78.7621499,39.6286522,POINT (-78.7621499 39.6286522)
,240,879852341,,,,,-78.7588029,39.6283168,POINT (-78.75880290000001 39.6283168)
,241,879852342,,,,,-78.7608521,39.6281895,POINT (-78.76085209999999 39.6281895)
,242,879852344,,,,,-78.751576,39.627893,POINT (-78.751576 39.627893)
,243,879852350,,,,,-78.7564194,39.627722,POINT (-78.7564194 39.627722)
,244,879852352,,,,,-78.7637069,39.6301525,POINT (-78.7637069 39.6301525)
,245,879852353,,,,,-78.7629523,39.6285375,POINT (-78.76295229999999 39.6285375)
,246,879852355,,,,,-78.7587635,39.6284745,POINT (-78.7587635 39.6284745)
,247,879852361,,,,,-78.7590003,39.6284422,POINT (-78.7590003 39.6284422)
,248,879852374,,,,,-78.7560284,39.6273704,POINT (-78.75602840000001 39.6273704)
,249,879852379,,,,,-78.7645248,39.6296119,POINT (-78.7645248 39.6296119)
,250,879852385,,,,,-78.7582416,39.6280925,POINT (-78.75824160000001 39.6280925)
,251,879852389,,,,,-78.7620951,39.6291463,POINT (-78.7620951 39.6291463)
,252,879852390,,,,,-78.7648628,39.6298665,POINT (-78.7648628 39.6298665)
,253,879852391,,,,,-78.764151,39.6295406,POINT (-78.764151 39.6295406)
,254,879852398,,,,,-78.7610791,39.6282959,POINT (-78.7610791 39.6282959)
,255,879852400,,,,,-78.7569043,39.6279301,POINT (-78.7569043 39.6279301)
,256,879852401,,,,,-78.7653229,39.6298513,POINT (-78.7653229 39.6298513)
,257,879852403,,,,,-78.7624201,39.6282332,POINT (-78.7624201 39.6282332)
,258,879852413,,,,,-78.7600551,39.6286427,POINT (-78.7600551 39.6286427)
,259,879852425,,,,,-78.7621256,39.6290634,POINT (-78.7621256 39.6290634)
,260,879852429,,,,,-78.7564392,39.6276174,POINT (-78.7564392 39.6276174)
,261,879852431,,,,,-78.7636267,39.6302894,POINT (-78.7636267 39.6302894)
,262,879894412,level_crossing,,,,-78.7640607,39.6301641,POINT (-78.7640607 39.6301641)
,263,879894418,level_crossing,,,,-78.7628579,39.6299345,POINT (-78.7628579 39.6299345)
,264,879894465,level_crossing,,,,-78.762838,39.6299677,POINT (-78.762838 39.6299677)
,265,880865753,,,,,-78.7541163,39.6281011,POINT (-78.75411630000001 39.6281011)
,266,880865758,,,,,-78.7629283,39.6307985,POINT (-78.7629283 39.6307985)
,267,880865762,,,,,-78.754529,39.6299141,POINT (-78.75452900000001 39.6299141)
,268,880865765,,,,,-78.753864,39.6281849,POINT (-78.75386399999999 39.6281849)
,269,880865785,,,,,-78.7506344,39.6280292,POINT (-78.7506344 39.6280292)
,270,880865789,,,,,-78.7606475,39.6304382,POINT (-78.7606475 39.6304382)
,271,880865795,,,,,-78.7483306,39.6285755,POINT (-78.7483306 39.6285755)
,272,880865800,,,,,-78.7414343,39.6273679,POINT (-78.74143429999999 39.6273679)
,273,880865803,,,,,-78.7441968,39.6270738,POINT (-78.7441968 39.6270738)
,274,880865804,,,,,-78.7597857,39.6303832,POINT (-78.75978569999999 39.6303832)
,275,880865807,switch,,,,-78.7391658,39.6263377,POINT (-78.73916579999999 39.6263377)
,276,880865830,,,,,-78.7531546,39.6294774,POINT (-78.7531546 39.6294774)
,277,880865834,,,,,-78.7464443,39.6279601,POINT (-78.74644429999999 39.6279601)
,278,880865847,,,,,-78.7376455,39.625679,POINT (-78.7376455 39.625679)
,279,880865851,,,,,-78.7524705,39.6293669,POINT (-78.7524705 39.6293669)
,280,880865854,,,,,-78.7607741,39.6295714,POINT (-78.76077410000001 39.6295714)
,281,880865857,,,,,-78.7633182,39.6306704,POINT (-78.7633182 39.6306704)
,282,880865878,,,,,-78.753242,39.6281324,POINT (-78.753242 39.6281324)
,283,880865887,,,,,-78.7484167,39.628382,POINT (-78.74841670000001 39.628382)
,284,880865892,,,,,-78.7443188,39.6269817,POINT (-78.7443188 39.6269817)
,285,880865896,,,,,-78.7531259,39.6278928,POINT (-78.7531259 39.6278928)
,286,880865899,,,,,-78.7411299,39.6271383,POINT (-78.7411299 39.6271383)
,287,880865903,,,,,-78.760981,39.629623,POINT (-78.760981 39.629623)
,288,880865921,,,,,-78.7412363,39.6266712,POINT (-78.7412363 39.6266712)
,289,880865928,,,,,-78.7412772,39.6274746,POINT (-78.7412772 39.6274746)
,290,880865932,,,,,-78.7500566,39.6292489,POINT (-78.75005659999999 39.6292489)
,291,880865937,,,,,-78.7415234,39.6274783,POINT (-78.74152340000001 39.6274783)
,292,880865966,,,,,-78.752474,39.6281342,POINT (-78.75247400000001 39.6281342)
,293,880865973,,,,,-78.7348023,39.6234393,POINT (-78.7348023 39.6234393)
,294,880865976,,,,,-78.7415724,39.6270582,POINT (-78.7415724 39.6270582)
,295,880865982,,,,,-78.7503162,39.6296718,POINT (-78.7503162 39.6296718)
,296,880865989,,,,,-78.741149,39.6269227,POINT (-78.74114899999999 39.6269227)
,297,880865993,,,,,-78.7419935,39.6267569,POINT (-78.74199350000001 39.6267569)
,298,880865995,,,,,-78.7486069,39.6293779,POINT (-78.7486069 39.6293779)
,299,880866019,switch,,,,-78.7404038,39.6271033,POINT (-78.7404038 39.6271033)
,300,880866027,level_crossing,,,,-78.7632915,39.6305284,POINT (-78.76329149999999 39.6305284)
,301,880866046,,,,,-78.7414277,39.6271263,POINT (-78.7414277 39.6271263)
,302,880866053,,,,,-78.7416427,39.6278514,POINT (-78.7416427 39.6278514)
,303,880866057,,,,,-78.7470125,39.6283314,POINT (-78.7470125 39.6283314)
,304,880866060,,,,,-78.7472696,39.6293125,POINT (-78.7472696 39.6293125)
,305,880866079,,,,,-78.7414839,39.626885,POINT (-78.74148390000001 39.626885)
,306,880866093,,,,,-78.7411191,39.6275474,POINT (-78.74111910000001 39.6275474)
,307,880866097,,,,,-78.7468187,39.6281149,POINT (-78.74681870000001 39.6281149)
,308,880866102,,,,,-78.7560565,39.6278809,POINT (-78.7560565 39.6278809)
,309,880866111,,,,,-78.7445113,39.6273447,POINT (-78.7445113 39.6273447)
,310,880866147,,,,,-78.7590528,39.6303157,POINT (-78.75905280000001 39.6303157)
,311,880866155,,,,,-78.7410868,39.6273198,POINT (-78.74108680000001 39.6273198)
,312,880866162,,,,,-78.7520446,39.6280145,POINT (-78.7520446 39.6280145)
,313,880866169,,,,,-78.7443714,39.6271024,POINT (-78.74437140000001 39.6271024)
,314,880866174,,,,,-78.7503216,39.6288802,POINT (-78.75032160000001 39.6288802)
,315,880866182,,,,,-78.7416909,39.6268589,POINT (-78.74169089999999 39.6268589)
,316,880866219,,,,,-78.7504609,39.6296432,POINT (-78.75046089999999 39.6296432)
,317,880866224,,,,,-78.7368309,39.6252432,POINT (-78.7368309 39.6252432)
,318,880866230,switch,,,,-78.7482122,39.628909,POINT (-78.7482122 39.628909)
,319,880866241,switch,,,,-78.7405007,39.626966,POINT (-78.7405007 39.626966)
,320,880866246,,,,,-78.7497208,39.6280911,POINT (-78.74972080000001 39.6280911)
,321,880866249,,,,,-78.7350559,39.6236484,POINT (-78.73505590000001 39.6236484)
,322,880866292,,,,,-78.7415306,39.6276413,POINT (-78.7415306 39.6276413)
,323,880866295,,,,,-78.741334,39.6277009,POINT (-78.74133399999999 39.6277009)
,324,880866302,,,,,-78.7636209,39.6307008,POINT (-78.76362090000001 39.6307008)
,325,880866319,,,,,-78.7492887,39.6294802,POINT (-78.74928869999999 39.6294802)
,326,880866335,,,,,-78.741387,39.6267459,POINT (-78.741387 39.6267459)
,327,880866356,,,,,-78.7451525,39.6276524,POINT (-78.7451525 39.6276524)
,328,880866378,,,,,-78.75025,39.6290697,POINT (-78.75024999999999 39.6290697)
,329,880866383,,,,,-78.7411705,39.6277141,POINT (-78.7411705 39.6277141)
,330,880866396,,,,,-78.7475589,39.6294106,POINT (-78.7475589 39.6294106)
,331,880866404,switch,,,,-78.7485364,39.6290288,POINT (-78.74853640000001 39.6290288)
,332,880866407,,,,,-78.7565445,39.6279039,POINT (-78.7565445 39.6279039)
,333,880866441,,,,,-78.7625493,39.6307734,POINT (-78.7625493 39.6307734)
,334,880866448,,,,,-78.7417452,39.6270674,POINT (-78.7417452 39.6270674)
,335,880866453,,,,,-78.7628589,39.6310794,POINT (-78.7628589 39.6310794)
,336,880866462,,,,,-78.7626448,39.630301,POINT (-78.7626448 39.630301)
,337,880866471,,,,,-78.7486823,39.6281711,POINT (-78.7486823 39.6281711)
,338,880866476,,,,,-78.7495531,39.6294894,POINT (-78.7495531 39.6294894)
,339,880866484,,,,,-78.7486951,39.6280592,POINT (-78.74869510000001 39.6280592)
,340,880866490,,,,,-78.7520458,39.62795,POINT (-78.7520458 39.62795)
,341,880866518,,,,,-78.7484162,39.6281913,POINT (-78.74841619999999 39.6281913)
,342,880866522,,,,,-78.7598351,39.6301905,POINT (-78.7598351 39.6301905)
,343,880866528,,,,,-78.7528221,39.629482,POINT (-78.7528221 39.629482)
,344,880866539,,,,,-78.7476249,39.6286649,POINT (-78.74762490000001 39.6286649)
,345,880866545,,,,,-78.7519166,39.628148,POINT (-78.7519166 39.628148)
,346,880866566,,,,,-78.7508431,39.6283162,POINT (-78.7508431 39.6283162)
,347,880866575,,,,,-78.7482337,39.6293457,POINT (-78.7482337 39.6293457)
,348,880866576,,,,,-78.7595486,39.6302146,POINT (-78.7595486 39.6302146)
,349,880866583,switch,,,,-78.7489526,39.6295124,POINT (-78.7489526 39.6295124)
,350,880866589,,,,,-78.7480994,39.6295379,POINT (-78.7480994 39.6295379)
,351,880866593,,,,,-78.7505423,39.6283258,POINT (-78.75054230000001 39.6283258)
,352,880866618,,,,,-78.7522073,39.6290776,POINT (-78.75220729999999 39.6290776)
,353,880866622,switch,,,,-78.7413858,39.6266943,POINT (-78.7413858 39.6266943)
,354,880866627,level_crossing,,,,-78.7554455,39.6301501,POINT (-78.75544549999999 39.6301501)
,355,880866640,,,,,-78.7477866,39.6295655,POINT (-78.7477866 39.6295655)
,356,880866644,,,,,-78.7410509,39.6261277,POINT (-78.7410509 39.6261277)
,357,880866645,,,,,-78.7399756,39.6268426,POINT (-78.73997559999999 39.6268426)
,358,880866669,,,,,-78.7402997,39.6272111,POINT (-78.74029969999999 39.6272111)
,359,880866679,,,,,-78.7484541,39.6280744,POINT (-78.7484541 39.6280744)
,360,880866684,,,,,-78.7549022,39.6281821,POINT (-78.7549022 39.6281821)
,361,880866687,,,,,-78.7477804,39.6283304,POINT (-78.7477804 39.6283304)
,362,880866690,,,,,-78.7514382,39.6281176,POINT (-78.7514382 39.6281176)
,363,880866694,,,,,-78.7612469,39.6305448,POINT (-78.7612469 39.6305448)
,364,880866715,,,,,-78.7486057,39.628687,POINT (-78.7486057 39.628687)
,365,880866719,switch,,,,-78.7485854,39.6294111,POINT (-78.7485854 39.6294111)
,366,880866721,,,,,-78.7444814,39.6271881,POINT (-78.7444814 39.6271881)
,367,880866727,,,,,-78.756066,39.6301389,POINT (-78.756066 39.6301389)
,368,880866729,switch,,,,-78.7377053,39.6259268,POINT (-78.7377053 39.6259268)
,369,880866734,,,,,-78.7637417,39.6306907,POINT (-78.7637417 39.6306907)
,370,880866737,switch,,,,-78.741204,39.6270333,POINT (-78.741204 39.6270333)
,371,880866776,,,,,-78.7394214,39.6259268,POINT (-78.7394214 39.6259268)
,372,880866780,,,,,-78.7425473,39.6264363,POINT (-78.7425473 39.6264363)
,373,880866781,,,,,-78.7410724,39.6274875,POINT (-78.74107239999999 39.6274875)
,374,880866785,,,,,-78.7538424,39.6282475,POINT (-78.7538424 39.6282475)
,375,880866788,,,,,-78.7500543,39.6280587,POINT (-78.7500543 39.6280587)
,376,880866811,,,,,-78.7489586,39.6284732,POINT (-78.74895859999999 39.6284732)
,377,880866814,,,,,-78.74482,39.6271954,POINT (-78.74482 39.6271954)
,378,880866819,,,,,-78.7540852,39.6278062,POINT (-78.75408520000001 39.6278062)
,379,880866821,,,,,-78.7415097,39.6272354,POINT (-78.74150969999999 39.6272354)
,380,880866825,,,,,-78.7613865,39.6297446,POINT (-78.7613865 39.6297446)
,381,880866831,,,,,-78.7416813,39.6266629,POINT (-78.7416813 39.6266629)
,382,880866832,,,,,-78.7497038,39.6282853,POINT (-78.74970380000001 39.6282853)
,383,880866848,,,,,-78.7546953,39.6299749,POINT (-78.75469529999999 39.6299749)
,384,880866853,,,,,-78.7415537,39.6275652,POINT (-78.7415537 39.6275652)
,385,880866861,,,,,-78.7512145,39.6281407,POINT (-78.7512145 39.6281407)
,386,880866862,,,,,-78.7518078,39.6296478,POINT (-78.75180779999999 39.6296478)
,387,880866869,,,,,-78.7393357,39.6264243,POINT (-78.7393357 39.6264243)
,388,880866900,,,,,-78.7481237,39.6289247,POINT (-78.74812369999999 39.6289247)
,389,880866904,,,,,-78.7606748,39.6308455,POINT (-78.7606748 39.6308455)
,390,880866909,,,,,-78.7414492,39.626966,POINT (-78.74144920000001 39.626966)
,391,880866912,,,,,-78.7429958,39.6269762,POINT (-78.7429958 39.6269762)
,392,880866913,switch,,,,-78.7411933,39.6271844,POINT (-78.74119330000001 39.6271844)
,393,880866938,switch,,,,-78.740728,39.6272572,POINT (-78.740728 39.6272572)
,394,880866956,switch,,,,-78.749955,39.6295659,POINT (-78.749955 39.6295659)
,395,880866961,,,,,-78.747249,39.629427,POINT (-78.747249 39.629427)
,396,880866964,,,,,-78.7397543,39.6265367,POINT (-78.7397543 39.6265367)
,397,880866968,,,,,-78.7453439,39.6274589,POINT (-78.74534389999999 39.6274589)
,398,880866971,,,,,-78.750394,39.6280089,POINT (-78.750394 39.6280089)
,399,880866993,,,,,-78.7478139,39.6294185,POINT (-78.7478139 39.6294185)
,400,880866997,,,,,-78.7474323,39.6285718,POINT (-78.7474323 39.6285718)
,401,880867007,,,,,-78.7413507,39.627669,POINT (-78.7413507 39.627669)
,402,880867013,,,,,-78.7475782,39.6285193,POINT (-78.74757820000001 39.6285193)
,403,880867018,,,,,-78.7411406,39.6272212,POINT (-78.74114059999999 39.6272212)
,404,880867056,,,,,-78.7448618,39.6274516,POINT (-78.7448618 39.6274516)
,405,880867063,,,,,-78.7594966,39.630406,POINT (-78.75949660000001 39.630406)
,406,880867065,,,,,-78.7412938,39.6274373,POINT (-78.74129379999999 39.6274373)
,407,880867070,,,,,-78.7524956,39.6280734,POINT (-78.7524956 39.6280734)
,408,880867076,,,,,-78.7446645,39.6271982,POINT (-78.7446645 39.6271982)
,409,880867108,,,,,-78.7469993,39.6283664,POINT (-78.7469993 39.6283664)
,410,880867111,,,,,-78.7505961,39.6281324,POINT (-78.7505961 39.6281324)
,411,880867115,,,,,-78.7380594,39.625819,POINT (-78.7380594 39.625819)
,412,880867120,,,,,-78.7517193,39.629096,POINT (-78.7517193 39.629096)
,413,880867125,,,,,-78.76328,39.6313696,POINT (-78.76327999999999 39.6313696)
,414,880867127,,,,,-78.7630491,39.63126,POINT (-78.7630491 39.63126)
,415,880867130,switch,,,,-78.7410174,39.6268933,POINT (-78.7410174 39.6268933)
,416,880867147,,,,,-78.7349841,39.623349,POINT (-78.73498410000001 39.623349)
,417,880867150,,,,,-78.750298,39.6281547,POINT (-78.750298 39.6281547)
,418,880867153,,,,,-78.7471452,39.629225,POINT (-78.74714520000001 39.629225)
,419,880867158,,,,,-78.7416592,39.6278155,POINT (-78.7416592 39.6278155)
,420,880867171,,,,,-78.747894,39.6280642,POINT (-78.747894 39.6280642)
,421,880867188,,,,,-78.7349674,39.6237378,POINT (-78.7349674 39.6237378)
,422,880867192,,,,,-78.7417243,39.6267892,POINT (-78.7417243 39.6267892)
,423,880867200,,,,,-78.7502865,39.628973,POINT (-78.7502865 39.628973)
,424,880867213,,,,,-78.7539549,39.6281011,POINT (-78.7539549 39.6281011)
,425,880867217,switch,,,,-78.7410354,39.6267477,POINT (-78.7410354 39.6267477)
,426,880867221,,,,,-78.7503019,39.6280274,POINT (-78.7503019 39.6280274)
,427,880867237,,,,,-78.74146,39.6278348,POINT (-78.74146 39.6278348)
,428,880867240,,,,,-78.7400151,39.6260604,POINT (-78.74001509999999 39.6260604)
,429,880867244,,,,,-78.7481056,39.6295021,POINT (-78.7481056 39.6295021)
,430,880867249,switch,,,,-78.7488653,39.629213,POINT (-78.74886530000001 39.629213)
,431,880867251,level_crossing,,,,-78.7628164,39.6300036,POINT (-78.76281640000001 39.6300036)
,432,880867263,,,,,-78.7609475,39.6305534,POINT (-78.7609475 39.6305534)
,433,880867288,,,,,-78.7477934,39.6295287,POINT (-78.74779340000001 39.6295287)
,434,880867290,,,,,-78.7437494,39.6267376,POINT (-78.7437494 39.6267376)
,435,880867293,,,,,-78.7525949,39.6279656,POINT (-78.75259490000001 39.6279656)
,436,880867298,,,,,-78.7609894,39.6303581,POINT (-78.7609894 39.6303581)
,437,880867301,switch,,,,-78.7349973,39.6237037,POINT (-78.7349973 39.6237037)
,438,880867306,,,,,-78.7531511,39.6295797,POINT (-78.7531511 39.6295797)
,439,880867320,,,,,-78.7625013,39.6301739,POINT (-78.7625013 39.6301739)
,440,880867324,,,,,-78.7514083,39.6280789,POINT (-78.75140829999999 39.6280789)
,441,880867327,,,,,-78.7593088,39.6302365,POINT (-78.7593088 39.6302365)
,442,880867332,,,,,-78.7352245,39.6235388,POINT (-78.7352245 39.6235388)
,443,880867337,,,,,-78.7409588,39.627154,POINT (-78.7409588 39.627154)
,444,880867340,,,,,-78.7436036,39.6267697,POINT (-78.7436036 39.6267697)
,445,880867346,,,,,-78.7590761,39.6302529,POINT (-78.7590761 39.6302529)
,446,880867366,,,,,-78.7352126,39.6238437,POINT (-78.7352126 39.6238437)
,447,880867368,,,,,-78.7527288,39.629319,POINT (-78.7527288 39.629319)
,448,880867371,,,,,-78.7418212,39.6267744,POINT (-78.7418212 39.6267744)
,449,880867377,,,,,-78.7373273,39.6255915,POINT (-78.7373273 39.6255915)
,450,880867380,,,,,-78.7550601,39.6290656,POINT (-78.75506009999999 39.6290656)
,451,880867383,,,,,-78.7484682,39.6296589,POINT (-78.7484682 39.6296589)
,452,880867388,,,,,-78.7543185,39.6281324,POINT (-78.7543185 39.6281324)
,453,880867411,,,,,-78.7626053,39.6304005,POINT (-78.7626053 39.6304005)
,454,880867413,,,,,-78.7638685,39.6306363,POINT (-78.7638685 39.6306363)
,455,880867416,,,,,-78.7410736,39.6269918,POINT (-78.74107360000001 39.6269918)
,456,880867419,,,,,-78.7632931,39.631353,POINT (-78.7632931 39.631353)
,457,880867420,,,,,-78.7520398,39.6279758,POINT (-78.75203980000001 39.6279758)
,458,880867424,,,,,-78.7491572,39.6281665,POINT (-78.7491572 39.6281665)
,459,880867438,,,,,-78.7600635,39.6293411,POINT (-78.7600635 39.6293411)
,460,880867446,,,,,-78.7551462,39.6288454,POINT (-78.7551462 39.6288454)
,461,880867451,,,,,-78.7484921,39.6285608,POINT (-78.74849210000001 39.6285608)
,462,880867454,,,,,-78.7538819,39.6281517,POINT (-78.7538819 39.6281517)
,463,880867459,,,,,-78.7418196,39.6269304,POINT (-78.7418196 39.6269304)
,464,880867461,,,,,-78.7628749,39.6309268,POINT (-78.7628749 39.6309268)
,465,880867477,,,,,-78.7412004,39.6273419,POINT (-78.7412004 39.6273419)
,466,880867484,,,,,-78.7519035,39.6280274,POINT (-78.7519035 39.6280274)
,467,880867490,,,,,-78.7565959,39.6302273,POINT (-78.75659589999999 39.6302273)
,468,880867493,,,,,-78.7392974,39.6264934,POINT (-78.7392974 39.6264934)
,469,880867497,,,,,-78.7430485,39.6265257,POINT (-78.7430485 39.6265257)
,470,880867523,,,,,-78.7412642,39.6275038,POINT (-78.7412642 39.6275038)
,471,880867529,,,,,-78.7411856,39.6276802,POINT (-78.74118559999999 39.6276802)
,472,880867532,,,,,-78.741521,39.6267864,POINT (-78.74152100000001 39.6267864)
,473,880867535,,,,,-78.741533,39.6276929,POINT (-78.741533 39.6276929)
,474,880867536,,,,,-78.7624797,39.630207,POINT (-78.7624797 39.630207)
,475,880867539,level_crossing,,,,-78.7546977,39.6277722,POINT (-78.75469769999999 39.6277722)
,476,880867540,switch,,,,-78.7394828,39.6265137,POINT (-78.7394828 39.6265137)
,477,880867556,,,,,-78.7367974,39.6254063,POINT (-78.7367974 39.6254063)
,478,880867562,,,,,-78.7622286,39.6300569,POINT (-78.7622286 39.6300569)
,479,880867570,,,,,-78.7421526,39.6267201,POINT (-78.7421526 39.6267201)
,480,880867573,,,,,-78.750254,39.6283489,POINT (-78.750254 39.6283489)
,481,880867577,,,,,-78.7472577,39.6291881,POINT (-78.74725770000001 39.6291881)
,482,880867582,,,,,-78.7508808,39.6280062,POINT (-78.7508808 39.6280062)
,483,880867594,,,,,-78.7433308,39.6266546,POINT (-78.7433308 39.6266546)
,484,880867595,,,,,-78.7540207,39.629927,POINT (-78.7540207 39.629927)
,485,880867599,,,,,-78.7628147,39.6304935,POINT (-78.76281470000001 39.6304935)
,486,880867606,switch,,,,-78.7485591,39.6290905,POINT (-78.74855909999999 39.6290905)
,487,880867612,,,,,-78.7618139,39.631065,POINT (-78.76181390000001 39.631065)
,488,880867616,,,,,-78.7417637,39.6270333,POINT (-78.74176370000001 39.6270333)
,489,880867650,,,,,-78.7414718,39.627302,POINT (-78.7414718 39.627302)
,490,880867658,,,,,-78.7411394,39.6274681,POINT (-78.74113939999999 39.6274681)
,491,880867661,switch,,,,-78.7408823,39.6274552,POINT (-78.7408823 39.6274552)
,492,880867670,,,,,-78.7373178,39.6252967,POINT (-78.7373178 39.6252967)
,493,880867707,,,,,-78.7414906,39.6272689,POINT (-78.74149060000001 39.6272689)
,494,880867710,,,,,-78.7448271,39.6271687,POINT (-78.74482709999999 39.6271687)
,495,880867712,,,,,-78.7400605,39.6265994,POINT (-78.7400605 39.6265994)
,496,880867714,,,,,-78.7458163,39.6277178,POINT (-78.7458163 39.6277178)
,497,880867718,,,,,-78.7514083,39.6280495,POINT (-78.75140829999999 39.6280495)
,498,880867753,,,,,-78.7484981,39.6295161,POINT (-78.74849810000001 39.6295161)
,499,880867759,,,,,-78.7530936,39.6280412,POINT (-78.7530936 39.6280412)
,500,880867762,switch,,,,-78.7479311,39.6287542,POINT (-78.7479311 39.6287542)
,501,880867766,,,,,-78.7351863,39.6237138,POINT (-78.7351863 39.6237138)
,502,880867774,,,,,-78.7416756,39.6277795,POINT (-78.74167559999999 39.6277795)
,503,880867806,,,,,-78.7606641,39.6303747,POINT (-78.7606641 39.6303747)
,504,880867810,,,,,-78.7398117,39.6265957,POINT (-78.7398117 39.6265957)
,505,880867813,switch,,,,-78.7498677,39.6296174,POINT (-78.7498677 39.6296174)
,506,880867819,,,,,-78.7453118,39.6276369,POINT (-78.7453118 39.6276369)
,507,880867825,,,,,-78.760347,39.6305239,POINT (-78.760347 39.6305239)
,508,880867830,,,,,-78.7415653,39.6275271,POINT (-78.7415653 39.6275271)
,509,880867850,,,,,-78.7532396,39.6281729,POINT (-78.7532396 39.6281729)
,510,880867854,,,,,-78.7479108,39.6280172,POINT (-78.7479108 39.6280172)
,511,880867857,,,,,-78.7412543,39.6271005,POINT (-78.74125429999999 39.6271005)
,512,880867864,,,,,-78.763262,39.631389,POINT (-78.763262 39.631389)
,513,880867868,,,,,-78.7512791,39.6279748,POINT (-78.7512791 39.6279748)
,514,880867872,,,,,-78.7472708,39.6284484,POINT (-78.7472708 39.6284484)
,515,880867876,level_crossing,,,,-78.7634588,39.6307432,POINT (-78.7634588 39.6307432)
,516,880867910,,,,,-78.7560912,39.6302872,POINT (-78.7560912 39.6302872)
,517,880867913,,,,,-78.7591461,39.6300642,POINT (-78.7591461 39.6300642)
,518,880867915,,,,,-78.7522743,39.6292692,POINT (-78.7522743 39.6292692)
,519,880867920,,,,,-78.7414074,39.6261673,POINT (-78.7414074 39.6261673)
,520,880867922,,,,,-78.7414588,39.6269301,POINT (-78.7414588 39.6269301)
,521,880867924,,,,,-78.7500297,39.6281877,POINT (-78.7500297 39.6281877)
,522,880867948,,,,,-78.7351874,39.6236282,POINT (-78.7351874 39.6236282)
,523,880867959,,,,,-78.7414144,39.627403,POINT (-78.7414144 39.627403)
,524,880867966,,,,,-78.7508614,39.6282524,POINT (-78.75086140000001 39.6282524)
,525,880867970,switch,,,,-78.7481129,39.6294,POINT (-78.7481129 39.6294)
,526,880867975,,,,,-78.7472559,39.6293888,POINT (-78.7472559 39.6293888)
,527,880867983,,,,,-78.7497095,39.6282206,POINT (-78.74970949999999 39.6282206)
,528,880868002,,,,,-78.7517372,39.6289366,POINT (-78.75173719999999 39.6289366)
,529,880868004,,,,,-78.7357795,39.6246195,POINT (-78.73577950000001 39.6246195)
,530,880868005,,,,,-78.7468295,39.6282392,POINT (-78.7468295 39.6282392)
,531,880868018,,,,,-78.7463271,39.6279288,POINT (-78.7463271 39.6279288)
,532,880868023,,,,,-78.7469,39.6293848,POINT (-78.7469 39.6293848)
,533,880868041,,,,,-78.7403607,39.626101,POINT (-78.7403607 39.626101)
,534,880868046,,,,,-78.7500435,39.6295566,POINT (-78.7500435 39.6295566)
,535,880868048,,,,,-78.7633804,39.6302393,POINT (-78.7633804 39.6302393)
,536,880868052,switch,,,,-78.7354434,39.6241745,POINT (-78.73544339999999 39.6241745)
,537,880868056,,,,,-78.7594559,39.6305571,POINT (-78.75945590000001 39.6305571)
,538,880868061,,,,,-78.7625089,39.630902,POINT (-78.7625089 39.630902)
,539,880868090,,,,,-78.7484757,39.6296232,POINT (-78.7484757 39.6296232)
,540,880868102,,,,,-78.7441657,39.6269209,POINT (-78.7441657 39.6269209)
,541,880868104,,,,,-78.7537599,39.628067,POINT (-78.75375990000001 39.628067)
,542,880868108,,,,,-78.7625695,39.6307091,POINT (-78.7625695 39.6307091)
,543,880868111,,,,,-78.7543795,39.6298653,POINT (-78.7543795 39.6298653)
,544,880868120,,,,,-78.7618697,39.6299998,POINT (-78.76186970000001 39.6299998)
,545,880868121,,,,,-78.7598022,39.630319,POINT (-78.7598022 39.630319)
,546,880868126,,,,,-78.7412567,39.6273014,POINT (-78.74125669999999 39.6273014)
,547,880868128,,,,,-78.7439683,39.6269642,POINT (-78.74396830000001 39.6269642)
,548,880868130,,,,,-78.7566964,39.62802,POINT (-78.7566964 39.62802)
,549,880868133,,,,,-78.7595139,39.6303422,POINT (-78.7595139 39.6303422)
,550,880868135,,,,,-78.7482768,39.6290103,POINT (-78.7482768 39.6290103)
,551,880868153,,,,,-78.7530099,39.6294332,POINT (-78.7530099 39.6294332)
,552,880868158,,,,,-78.7383859,39.6263147,POINT (-78.7383859 39.6263147)
,553,880868163,,,,,-78.7469347,39.6282346,POINT (-78.7469347 39.6282346)
,554,880868173,,,,,-78.7375187,39.6256587,POINT (-78.7375187 39.6256587)
,555,880868178,,,,,-78.7510115,39.6290356,POINT (-78.7510115 39.6290356)
,556,880868181,,,,,-78.7627393,39.6312876,POINT (-78.76273930000001 39.6312876)
,557,880868201,,,,,-78.7548615,39.6282365,POINT (-78.7548615 39.6282365)
,558,880868202,,,,,-78.7629498,39.6305037,POINT (-78.7629498 39.6305037)
,559,880868206,,,,,-78.7529812,39.6280909,POINT (-78.75298119999999 39.6280909)
,560,880868212,,,,,-78.7480041,39.6283378,POINT (-78.7480041 39.6283378)
,561,880868216,,,,,-78.7409217,39.6271908,POINT (-78.7409217 39.6271908)
,562,880868220,switch,,,,-78.7355068,39.6241579,POINT (-78.7355068 39.6241579)
,563,880868224,,,,,-78.7529728,39.6279002,POINT (-78.75297279999999 39.6279002)
,564,880868237,,,,,-78.7409014,39.6270923,POINT (-78.7409014 39.6270923)
,565,880868240,,,,,-78.7604248,39.6294424,POINT (-78.7604248 39.6294424)
,566,880868244,,,,,-78.7411502,39.6274165,POINT (-78.74115020000001 39.6274165)
,567,880868251,,,,,-78.7509389,39.6292278,POINT (-78.75093889999999 39.6292278)
,568,880868254,,,,,-78.7413978,39.6274322,POINT (-78.7413978 39.6274322)
,569,880868273,,,,,-78.7521953,39.6280743,POINT (-78.7521953 39.6280743)
,570,880868280,,,,,-78.741344,39.6270038,POINT (-78.741344 39.6270038)
,571,880868281,,,,,-78.75906,39.6305018,POINT (-78.75906000000001 39.6305018)
,572,880868283,,,,,-78.7396096,39.6266335,POINT (-78.73960959999999 39.6266335)
,573,880868285,,,,,-78.7417806,39.6267182,POINT (-78.7417806 39.6267182)
,574,880868289,,,,,-78.7415786,39.6273728,POINT (-78.7415786 39.6273728)
,575,880868308,,,,,-78.7415421,39.6276033,POINT (-78.7415421 39.6276033)
,576,880868312,,,,,-78.7431741,39.6266031,POINT (-78.7431741 39.6266031)
,577,880868323,,,,,-78.7414744,39.6278016,POINT (-78.7414744 39.6278016)
,578,880868327,,,,,-78.7418574,39.6268608,POINT (-78.7418574 39.6268608)
,579,880868329,,,,,-78.7469431,39.6292333,POINT (-78.7469431 39.6292333)
,580,880868344,,,,,-78.7413069,39.6268361,POINT (-78.7413069 39.6268361)
,581,880868352,,,,,-78.7556259,39.6278238,POINT (-78.7556259 39.6278238)
,582,880868359,,,,,-78.7399971,39.6267532,POINT (-78.7399971 39.6267532)
,583,880868364,,,,,-78.7371431,39.6256265,POINT (-78.7371431 39.6256265)
,584,880868367,,,,,-78.7630371,39.6303692,POINT (-78.76303710000001 39.6303692)
,585,880868372,,,,,-78.7431621,39.6269688,POINT (-78.74316210000001 39.6269688)
,586,880868396,,,,,-78.7508066,39.6284438,POINT (-78.7508066 39.6284438)
,587,880868402,,,,,-78.7407686,39.6271107,POINT (-78.7407686 39.6271107)
,588,880868406,,,,,-78.7519119,39.6280062,POINT (-78.7519119 39.6280062)
,589,880868409,,,,,-78.7507983,39.6281029,POINT (-78.7507983 39.6281029)
,590,880868411,,,,,-78.7442279,39.6270416,POINT (-78.7442279 39.6270416)
,591,880868414,,,,,-78.7442458,39.6269025,POINT (-78.7442458 39.6269025)
,592,880868416,,,,,-78.7415138,39.6268297,POINT (-78.74151380000001 39.6268297)
,593,880868427,,,,,-78.7510793,39.6297538,POINT (-78.7510793 39.6297538)
,594,880868428,,,,,-78.7365498,39.625105,POINT (-78.73654980000001 39.625105)
,595,880868432,,,,,-78.762762,39.631248,POINT (-78.762762 39.631248)
,596,880868436,,,,,-78.7479813,39.6288141,POINT (-78.74798130000001 39.6288141)
,597,880868443,,,,,-78.7472744,39.6281941,POINT (-78.74727439999999 39.6281941)
,598,880868447,switch,,,,-78.7490304,39.6294599,POINT (-78.7490304 39.6294599)
,599,880868471,switch,,,,-78.7348788,39.6233997,POINT (-78.7348788 39.6233997)
,600,880868477,,,,,-78.74139,39.6275941,POINT (-78.74139 39.6275941)
,601,880868480,,,,,-78.7412022,39.6276431,POINT (-78.7412022 39.6276431)
,602,880868487,,,,,-78.749065,39.6294313,POINT (-78.749065 39.6294313)
,603,880868488,,,,,-78.7384075,39.6256716,POINT (-78.73840749999999 39.6256716)
,604,880868493,switch,,,,-78.7411873,39.626732,POINT (-78.74118730000001 39.626732)
,605,880868515,,,,,-78.7450221,39.6276248,POINT (-78.7450221 39.6276248)
,606,880868521,,,,,-78.7519944,39.6281324,POINT (-78.7519944 39.6281324)
,607,880868527,,,,,-78.7551083,39.6289423,POINT (-78.7551083 39.6289423)
,608,880868530,,,,,-78.741015,39.6276137,POINT (-78.741015 39.6276137)
,609,880868545,,,,,-78.7472628,39.6293507,POINT (-78.7472628 39.6293507)
,610,880868548,switch,,,,-78.7482062,39.6288574,POINT (-78.7482062 39.6288574)
,611,880868549,,,,,-78.7567646,39.6279767,POINT (-78.7567646 39.6279767)
,612,880868550,,,,,-78.7612712,39.6304819,POINT (-78.7612712 39.6304819)
,613,880868552,,,,,-78.7400426,39.6266675,POINT (-78.7400426 39.6266675)
,614,880868554,switch,,,,-78.7410748,39.6266851,POINT (-78.74107480000001 39.6266851)
,615,880868558,,,,,-78.7624809,39.630991,POINT (-78.7624809 39.630991)
,616,880868571,,,,,-78.7622908,39.6302061,POINT (-78.7622908 39.6302061)
,617,880868574,,,,,-78.7484359,39.6281324,POINT (-78.7484359 39.6281324)
,618,880868578,,,,,-78.741528,39.6272032,POINT (-78.741528 39.6272032)
,619,880868583,,,,,-78.7484691,39.6280265,POINT (-78.74846909999999 39.6280265)
,620,880868584,,,,,-78.7516966,39.6279638,POINT (-78.7516966 39.6279638)
,621,880868589,,,,,-78.7606221,39.6307966,POINT (-78.76062210000001 39.6307966)
,622,880868592,,,,,-78.759566,39.6301508,POINT (-78.75956600000001 39.6301508)
,623,880868612,,,,,-78.752687,39.6294313,POINT (-78.75268699999999 39.6294313)
,624,880868623,,,,,-78.7417822,39.6269992,POINT (-78.7417822 39.6269992)
,625,880868626,,,,,-78.7517265,39.6281167,POINT (-78.7517265 39.6281167)
,626,880868629,,,,,-78.7505602,39.6282614,POINT (-78.7505602 39.6282614)
,627,880868651,,,,,-78.7480579,39.6292987,POINT (-78.74805790000001 39.6292987)
,628,880868654,,,,,-78.7593309,39.630173,POINT (-78.75933089999999 39.630173)
,629,880868657,switch,,,,-78.7485866,39.629471,POINT (-78.7485866 39.629471)
,630,880868659,,,,,-78.7478002,39.629492,POINT (-78.7478002 39.629492)
,631,880868662,,,,,-78.7369541,39.6252091,POINT (-78.73695410000001 39.6252091)
,632,880868664,,,,,-78.7502687,39.6282842,POINT (-78.75026870000001 39.6282842)
,633,880868668,,,,,-78.7520674,39.6290232,POINT (-78.7520674 39.6290232)
,634,880868679,,,,,-78.747272,39.6284069,POINT (-78.747272 39.6284069)
,635,880868684,,,,,-78.7550843,39.6290037,POINT (-78.75508429999999 39.6290037)
,636,880868691,,,,,-78.7475402,39.6295226,POINT (-78.7475402 39.6295226)
,637,880868697,,,,,-78.7408882,39.6261194,POINT (-78.7408882 39.6261194)
,638,880868701,switch,,,,-78.7398069,39.6267366,POINT (-78.7398069 39.6267366)
,639,880868706,,,,,-78.7401311,39.6271328,POINT (-78.7401311 39.6271328)
,640,880868724,,,,,-78.74821,39.628027,POINT (-78.74821 39.628027)
,641,880868731,,,,,-78.7547407,39.6281572,POINT (-78.7547407 39.6281572)
,642,880868737,,,,,-78.763256,39.630897,POINT (-78.763256 39.630897)
,643,880868740,,,,,-78.7475328,39.6282494,POINT (-78.7475328 39.6282494)
,644,880868755,,,,,-78.7512193,39.6280909,POINT (-78.7512193 39.6280909)
,645,880868758,,,,,-78.7609614,39.6304883,POINT (-78.7609614 39.6304883)
,646,880868761,,,,,-78.7484897,39.6286474,POINT (-78.74848969999999 39.6286474)
,647,880868762,,,,,-78.7415601,39.627408,POINT (-78.7415601 39.627408)
,648,880868766,,,,,-78.7443451,39.6271383,POINT (-78.7443451 39.6271383)
,649,880868769,,,,,-78.7533113,39.6295161,POINT (-78.75331129999999 39.6295161)
,650,880868772,,,,,-78.7636436,39.6306391,POINT (-78.76364359999999 39.6306391)
,651,880868775,,,,,-78.7467027,39.6280624,POINT (-78.7467027 39.6280624)
,652,880868799,,,,,-78.7390402,39.6258697,POINT (-78.73904020000001 39.6258697)
,653,880868800,switch,,,,-78.7408105,39.6273465,POINT (-78.74081049999999 39.6273465)
,654,880868805,,,,,-78.7535302,39.6281812,POINT (-78.7535302 39.6281812)
,655,880868810,,,,,-78.7497265,39.6280264,POINT (-78.74972649999999 39.6280264)
,656,880868812,,,,,-78.7487038,39.6284272,POINT (-78.7487038 39.6284272)
,657,880868825,,,,,-78.7445605,39.6270889,POINT (-78.74456050000001 39.6270889)
,658,880868828,,,,,-78.7533113,39.6278763,POINT (-78.75331129999999 39.6278763)
,659,880868829,,,,,-78.7412459,39.6271632,POINT (-78.7412459 39.6271632)
,660,880868831,,,,,-78.7612071,39.6296875,POINT (-78.76120709999999 39.6296875)
,661,880868834,,,,,-78.7414253,39.6266593,POINT (-78.7414253 39.6266593)
,662,880868839,,,,,-78.7509752,39.6291318,POINT (-78.7509752 39.6291318)
,663,880868864,,,,,-78.7414251,39.6275271,POINT (-78.7414251 39.6275271)
,664,880868870,,,,,-78.7461202,39.627856,POINT (-78.74612019999999 39.627856)
,665,880868873,,,,,-78.750992,39.6281121,POINT (-78.750992 39.6281121)
,666,880868876,,,,,-78.751687,39.629622,POINT (-78.751687 39.629622)
,667,880868877,,,,,-78.748083,39.6293448,POINT (-78.74808299999999 39.6293448)
,668,880868884,,,,,-78.7417267,39.6271015,POINT (-78.7417267 39.6271015)
,669,880868903,switch,,,,-78.7413033,39.6269485,POINT (-78.7413033 39.6269485)
,670,880868907,,,,,-78.7426262,39.6268804,POINT (-78.7426262 39.6268804)
,671,880868910,,,,,-78.7488198,39.6294249,POINT (-78.74881980000001 39.6294249)
,672,880868914,,,,,-78.7405832,39.6271936,POINT (-78.7405832 39.6271936)
,673,880868917,,,,,-78.7634594,39.6306069,POINT (-78.7634594 39.6306069)
,674,880868942,,,,,-78.7415475,39.6271689,POINT (-78.7415475 39.6271689)
,675,880868946,,,,,-78.7469108,39.6293469,POINT (-78.74691079999999 39.6293469)
,676,880868947,switch,,,,-78.7394768,39.626463,POINT (-78.73947680000001 39.626463)
,677,880868951,,,,,-78.7451836,39.6273972,POINT (-78.7451836 39.6273972)
,678,880868956,,,,,-78.7475651,39.6293733,POINT (-78.7475651 39.6293733)
,679,880868959,,,,,-78.7416574,39.6269286,POINT (-78.74165739999999 39.6269286)
,680,880868979,,,,,-78.7551209,39.62891,POINT (-78.75512089999999 39.62891)
,681,880868987,,,,,-78.7412189,39.6276055,POINT (-78.74121890000001 39.6276055)
,682,880868992,,,,,-78.7472445,39.6283433,POINT (-78.74724449999999 39.6283433)
,683,880868995,,,,,-78.7563137,39.6279315,POINT (-78.75631370000001 39.6279315)
,684,880868997,,,,,-78.7446848,39.6273917,POINT (-78.7446848 39.6273917)
,685,880869011,,,,,-78.7592645,39.6303636,POINT (-78.7592645 39.6303636)
,686,880869015,,,,,-78.7412124,39.6273944,POINT (-78.74121239999999 39.6273944)
,687,880869019,,,,,-78.7522073,39.6280356,POINT (-78.75220729999999 39.6280356)
,688,880869024,,,,,-78.744507,39.627156,POINT (-78.744507 39.627156)
,689,880869032,,,,,-78.7418385,39.6268956,POINT (-78.7418385 39.6268956)
,690,880869034,,,,,-78.7506739,39.6296718,POINT (-78.7506739 39.6296718)
,691,880869047,,,,,-78.7503126,39.62809,POINT (-78.7503126 39.62809)
,692,880869051,,,,,-78.7376587,39.6256348,POINT (-78.7376587 39.6256348)
,693,880869055,,,,,-78.7494454,39.6285801,POINT (-78.7494454 39.6285801)
,694,880869061,switch,,,,-78.740588,39.6268177,POINT (-78.740588 39.6268177)
,695,880869068,,,,,-78.7349231,39.6232357,POINT (-78.7349231 39.6232357)
,696,880869077,,,,,-78.750042,39.6281232,POINT (-78.75004199999999 39.6281232)
,697,880869078,,,,,-78.7469598,39.6291845,POINT (-78.7469598 39.6291845)
,698,880869081,,,,,-78.7414971,39.6277611,POINT (-78.7414971 39.6277611)
,699,880869090,,,,,-78.7450365,39.6273438,POINT (-78.7450365 39.6273438)
,700,880869093,switch,,,,-78.7347664,39.623466,POINT (-78.7347664 39.623466)
,701,880869096,,,,,-78.7415294,39.6267569,POINT (-78.7415294 39.6267569)
,702,880869110,,,,,-78.74529,39.6276736,POINT (-78.74529 39.6276736)
,703,880869114,,,,,-78.7510471,39.628043,POINT (-78.75104709999999 39.628043)
,704,880869119,,,,,-78.7500997,39.6279942,POINT (-78.75009970000001 39.6279942)
,705,880869124,,,,,-78.7412961,39.6277731,POINT (-78.7412961 39.6277731)
,706,880869127,,,,,-78.7397986,39.6260217,POINT (-78.7397986 39.6260217)
,707,880869129,,,,,-78.7478071,39.6294552,POINT (-78.7478071 39.6294552)
,708,880869149,,,,,-78.7490662,39.6292526,POINT (-78.7490662 39.6292526)
,709,880869151,,,,,-78.7629016,39.6308626,POINT (-78.76290160000001 39.6308626)
,710,880869153,,,,,-78.7518843,39.6299012,POINT (-78.7518843 39.6299012)
,711,880869155,,,,,-78.7479646,39.628839,POINT (-78.7479646 39.628839)
,712,880869156,,,,,-78.7606309,39.6305017,POINT (-78.7606309 39.6305017)
,713,880869158,,,,,-78.7631185,39.6311504,POINT (-78.7631185 39.6311504)
,714,880869159,,,,,-78.7629989,39.6304134,POINT (-78.7629989 39.6304134)
,715,880869160,,,,,-78.74915,39.6282263,POINT (-78.74915 39.6282263)
,716,880869170,,,,,-78.7497122,39.6295262,POINT (-78.7497122 39.6295262)
,717,880869174,,,,,-78.7491643,39.6281066,POINT (-78.7491643 39.6281066)
,718,880869178,,,,,-78.7522898,39.6279518,POINT (-78.7522898 39.6279518)
,719,880869180,,,,,-78.7606808,39.6303111,POINT (-78.7606808 39.6303111)
,720,880869183,,,,,-78.7529764,39.6295327,POINT (-78.75297639999999 39.6295327)
,721,880869202,,,,,-78.7590995,39.63019,POINT (-78.7590995 39.63019)
,722,880869205,,,,,-78.7351444,39.623407,POINT (-78.7351444 39.623407)
,723,880869208,,,,,-78.7483809,39.6293752,POINT (-78.7483809 39.6293752)
,724,880869210,,,,,-78.7484831,39.6295875,POINT (-78.7484831 39.6295875)
,725,880869213,switch,,,,-78.737557,39.6254035,POINT (-78.737557 39.6254035)
,726,880869215,,,,,-78.7508249,39.62838,POINT (-78.7508249 39.62838)
,727,880869217,,,,,-78.7524011,39.6291596,POINT (-78.7524011 39.6291596)
,728,880869219,,,,,-78.7416633,39.6267339,POINT (-78.7416633 39.6267339)
,729,880869230,,,,,-78.7558759,39.630242,POINT (-78.75587590000001 39.630242)
,730,880869238,,,,,-78.7372221,39.6255408,POINT (-78.7372221 39.6255408)
,731,880869243,,,,,-78.7479933,39.6283516,POINT (-78.7479933 39.6283516)
,732,880869244,,,,,-78.7480871,39.6296094,POINT (-78.74808710000001 39.6296094)
,733,880869249,,,,,-78.7412327,39.6261433,POINT (-78.7412327 39.6261433)
,734,880869250,,,,,-78.7637058,39.6304779,POINT (-78.7637058 39.6304779)
,735,880869256,switch,,,,-78.7408524,39.6269172,POINT (-78.74085239999999 39.6269172)
,736,880869259,,,,,-78.763024,39.6313005,POINT (-78.763024 39.6313005)
,737,880869264,,,,,-78.7405832,39.627364,POINT (-78.7405832 39.627364)
,738,880869274,,,,,-78.7486892,39.6281109,POINT (-78.7486892 39.6281109)
,739,880869292,,,,,-78.7550553,39.6282107,POINT (-78.7550553 39.6282107)
,740,880869298,,,,,-78.7482732,39.6284926,POINT (-78.7482732 39.6284926)
,741,880869300,,,,,-78.7533018,39.6280402,POINT (-78.7533018 39.6280402)
,742,880869304,,,,,-78.7416741,39.6268937,POINT (-78.7416741 39.6268937)
,743,880869307,,,,,-78.7517097,39.6281692,POINT (-78.75170970000001 39.6281692)
,744,880869313,,,,,-78.7625291,39.6308377,POINT (-78.76252909999999 39.6308377)
,745,880869330,,,,,-78.748772,39.628733,POINT (-78.748772 39.628733)
,746,880869332,switch,,,,-78.7410449,39.6272526,POINT (-78.74104490000001 39.6272526)
,747,880869336,,,,,-78.7563364,39.6301914,POINT (-78.7563364 39.6301914)
,748,880869339,,,,,-78.7381108,39.6260844,POINT (-78.7381108 39.6260844)
,749,880869340,,,,,-78.7415066,39.6271199,POINT (-78.74150659999999 39.6271199)
,750,880869343,,,,,-78.7418176,39.6262161,POINT (-78.7418176 39.6262161)
,751,880869363,,,,,-78.7416466,39.6262097,POINT (-78.7416466 39.6262097)
,752,880869368,,,,,-78.7423081,39.6263755,POINT (-78.7423081 39.6263755)
,753,880869370,,,,,-78.7410736,39.6276008,POINT (-78.74107360000001 39.6276008)
,754,880869376,,,,,-78.7413733,39.6276259,POINT (-78.74137330000001 39.6276259)
,755,880869378,,,,,-78.7621616,39.6301315,POINT (-78.7621616 39.6301315)
,756,880869381,,,,,-78.7449934,39.6272609,POINT (-78.7449934 39.6272609)
,757,880869384,,,,,-78.7543771,39.6277841,POINT (-78.7543771 39.6277841)
,758,880869386,switch,,,,-78.74951,39.6295198,POINT (-78.74951 39.6295198)
,759,880869398,,,,,-78.7617597,39.6298818,POINT (-78.7617597 39.6298818)
,760,880869404,,,,,-78.7418607,39.6266795,POINT (-78.7418607 39.6266795)
,761,880869406,,,,,-78.7500052,39.6283166,POINT (-78.7500052 39.6283166)
,762,880869410,,,,,-78.7550194,39.6300504,POINT (-78.75501939999999 39.6300504)
,763,880869412,,,,,-78.7471309,39.6291559,POINT (-78.7471309 39.6291559)
,764,880869414,,,,,-78.7502098,39.6279877,POINT (-78.75020979999999 39.6279877)
,765,880869433,,,,,-78.7514346,39.6281803,POINT (-78.7514346 39.6281803)
,766,880869437,,,,,-78.7519788,39.6296746,POINT (-78.7519788 39.6296746)
,767,880869439,,,,,-78.7491715,39.6280467,POINT (-78.7491715 39.6280467)
,768,880869442,,,,,-78.7625898,39.6304337,POINT (-78.7625898 39.6304337)
,769,880869451,,,,,-78.7482888,39.6289799,POINT (-78.7482888 39.6289799)
,770,880869453,,,,,-78.7613398,39.6309735,POINT (-78.7613398 39.6309735)
,771,880869461,,,,,-78.7416239,39.6269983,POINT (-78.74162389999999 39.6269983)
,772,880869463,,,,,-78.7455759,39.6277123,POINT (-78.74557590000001 39.6277123)
,773,880869466,,,,,-78.7413452,39.6272535,POINT (-78.7413452 39.6272535)
,774,880869474,switch,,,,-78.7409504,39.6273622,POINT (-78.7409504 39.6273622)
,775,880869477,switch,,,,-78.7406478,39.6272922,POINT (-78.7406478 39.6272922)
,776,880869507,,,,,-78.7445699,39.6270771,POINT (-78.7445699 39.6270771)
,777,880869509,,,,,-78.7475464,39.6294853,POINT (-78.7475464 39.6294853)
,778,880869513,,,,,-78.7399289,39.6265782,POINT (-78.7399289 39.6265782)
,779,880869515,,,,,-78.745491,39.6275317,POINT (-78.745491 39.6275317)
,780,880869522,,,,,-78.7481117,39.6294664,POINT (-78.7481117 39.6294664)
,781,880869533,,,,,-78.7476369,39.6286381,POINT (-78.7476369 39.6286381)
,782,880869536,,,,,-78.741515,39.6277279,POINT (-78.74151500000001 39.6277279)
,783,880869539,switch,,,,-78.7479323,39.62871,POINT (-78.7479323 39.62871)
,784,880869540,,,,,-78.7598186,39.6302547,POINT (-78.7598186 39.6302547)
,785,880869542,switch,,,,-78.7494107,39.6295631,POINT (-78.7494107 39.6295631)
,786,880869560,,,,,-78.7450855,39.6275428,POINT (-78.7450855 39.6275428)
,787,880869566,,,,,-78.7597693,39.6304475,POINT (-78.7597693 39.6304475)
,788,880869570,,,,,-78.7414444,39.6274903,POINT (-78.74144440000001 39.6274903)
,789,880869573,,,,,-78.752974,39.628137,POINT (-78.75297399999999 39.628137)
,790,880869576,,,,,-78.7452398,39.627341,POINT (-78.74523979999999 39.627341)
,791,880869579,,,,,-78.7410581,39.6270047,POINT (-78.7410581 39.6270047)
,792,880869594,level_crossing,,,,-78.7629084,39.6313152,POINT (-78.7629084 39.6313152)
,793,880869597,,,,,-78.7471417,39.628406,POINT (-78.7471417 39.628406)
,794,880869601,,,,,-78.7508796,39.6281886,POINT (-78.7508796 39.6281886)
,795,880869604,,,,,-78.7519298,39.6291596,POINT (-78.7519298 39.6291596)
,796,880869609,,,,,-78.7633039,39.63133,POINT (-78.7633039 39.63133)
,797,880869613,,,,,-78.741289,39.6269126,POINT (-78.74128899999999 39.6269126)
,798,880869623,,,,,-78.7497152,39.6281559,POINT (-78.7497152 39.6281559)
,799,880869628,,,,,-78.7350786,39.6234955,POINT (-78.73507859999999 39.6234955)
,800,880869630,,,,,-78.7412794,39.6273521,POINT (-78.7412794 39.6273521)
,801,880869635,,,,,-78.7505782,39.6281969,POINT (-78.75057820000001 39.6281969)
,802,880869636,switch,,,,-78.7474204,39.6292766,POINT (-78.7474204 39.6292766)
,803,880869639,,,,,-78.7469216,39.629309,POINT (-78.74692159999999 39.629309)
,804,880869654,,,,,-78.7481679,39.6281315,POINT (-78.7481679 39.6281315)
,805,880869658,,,,,-78.7350965,39.6238963,POINT (-78.7350965 39.6238963)
,806,880869660,,,,,-78.7418763,39.626826,POINT (-78.7418763 39.626826)
,807,880869671,,,,,-78.7613542,39.6297741,POINT (-78.7613542 39.6297741)
,808,880869674,switch,,,,-78.7413165,39.6268002,POINT (-78.7413165 39.6268002)
,809,880869686,,,,,-78.7416263,39.6278873,POINT (-78.74162629999999 39.6278873)
,810,880869688,,,,,-78.7401885,39.6260853,POINT (-78.7401885 39.6260853)
,811,880869690,,,,,-78.7484906,39.6295518,POINT (-78.7484906 39.6295518)
,812,880869692,switch,,,,-78.7492505,39.6293226,POINT (-78.7492505 39.6293226)
,813,880869694,,,,,-78.7631448,39.6301324,POINT (-78.76314480000001 39.6301324)
,814,880869696,level_crossing,,,,-78.7592756,39.6305334,POINT (-78.7592756 39.6305334)
,815,880869701,,,,,-78.7612226,39.6306078,POINT (-78.7612226 39.6306078)
,816,880869720,,,,,-78.7450111,39.627224,POINT (-78.7450111 39.627224)
,817,880869724,,,,,-78.7480933,39.6295737,POINT (-78.74809329999999 39.6295737)
,818,880869728,,,,,-78.7421861,39.6268159,POINT (-78.7421861 39.6268159)
,819,880869730,,,,,-78.7440401,39.6268656,POINT (-78.74404010000001 39.6268656)
,820,880869734,,,,,-78.7531164,39.6280071,POINT (-78.7531164 39.6280071)
,821,880869738,,,,,-78.7612956,39.6304189,POINT (-78.7612956 39.6304189)
,822,880869750,,,,,-78.7541893,39.6298146,POINT (-78.75418929999999 39.6298146)
,823,880869752,,,,,-78.7621747,39.6300873,POINT (-78.7621747 39.6300873)
,824,880869754,,,,,-78.7517193,39.6281407,POINT (-78.7517193 39.6281407)
,825,880869756,,,,,-78.7595313,39.6302784,POINT (-78.75953130000001 39.6302784)
,826,880869760,,,,,-78.7353274,39.6236853,POINT (-78.7353274 39.6236853)
,827,880869761,,,,,-78.7411215,39.6272378,POINT (-78.74112150000001 39.6272378)
,828,880869765,,,,,-78.7438008,39.6268712,POINT (-78.7438008 39.6268712)
,829,880869783,,,,,-78.7592867,39.6303001,POINT (-78.7592867 39.6303001)
,830,880869784,,,,,-78.7413942,39.6270471,POINT (-78.7413942 39.6270471)
,831,880869789,switch,,,,-78.7405964,39.6270038,POINT (-78.7405964 39.6270038)
,832,880869791,,,,,-78.7528724,39.6293834,POINT (-78.7528724 39.6293834)
,833,880869794,,,,,-78.738185,39.6261839,POINT (-78.738185 39.6261839)
,834,880869798,level_crossing,,,,-78.7632854,39.6304715,POINT (-78.7632854 39.6304715)
,835,880869799,,,,,-78.7467182,39.6281683,POINT (-78.7467182 39.6281683)
,836,880869803,switch,,,,-78.7352951,39.6238557,POINT (-78.7352951 39.6238557)
,837,880869817,,,,,-78.7374194,39.6256302,POINT (-78.73741939999999 39.6256302)
,838,880869818,,,,,-78.7624929,39.6312582,POINT (-78.7624929 39.6312582)
,839,880869821,,,,,-78.7545613,39.6281784,POINT (-78.75456130000001 39.6281784)
,840,880869823,,,,,-78.7628338,39.6304631,POINT (-78.7628338 39.6304631)
,841,880869832,level_crossing,,,,-78.7628936,39.6312708,POINT (-78.7628936 39.6312708)
,842,880869837,,,,,-78.7522049,39.6279942,POINT (-78.7522049 39.6279942)
,843,880869857,,,,,-78.7477648,39.6282991,POINT (-78.7477648 39.6282991)
,844,880869859,,,,,-78.752809,39.6278956,POINT (-78.752809 39.6278956)
,845,880869860,,,,,-78.7602657,39.6293945,POINT (-78.76026570000001 39.6293945)
,846,880869861,,,,,-78.748656,39.6286022,POINT (-78.748656 39.6286022)
,847,880869863,,,,,-78.7617417,39.6299224,POINT (-78.7617417 39.6299224)
,848,880869864,,,,,-78.7472637,39.6284825,POINT (-78.7472637 39.6284825)
,849,880869877,,,,,-78.7413117,39.6273972,POINT (-78.7413117 39.6273972)
,850,880869882,,,,,-78.7520255,39.6280449,POINT (-78.7520255 39.6280449)
,851,880869887,,,,,-78.7411095,39.6269559,POINT (-78.74110949999999 39.6269559)
,852,880869890,,,,,-78.7513412,39.6297836,POINT (-78.7513412 39.6297836)
,853,880869901,,,,,-78.7588519,39.6304788,POINT (-78.7588519 39.6304788)
,854,880869903,,,,,-78.7394493,39.6265524,POINT (-78.7394493 39.6265524)
,855,880869904,,,,,-78.7433571,39.6266021,POINT (-78.7433571 39.6266021)
,856,880869907,,,,,-78.7416239,39.6266979,POINT (-78.74162389999999 39.6266979)
,857,880869909,,,,,-78.7413332,39.627294,POINT (-78.7413332 39.627294)
,858,880869910,,,,,-78.734892,39.6233075,POINT (-78.734892 39.6233075)
,859,880869913,,,,,-78.7414075,39.6275607,POINT (-78.74140749999999 39.6275607)
,860,880869916,,,,,-78.7430341,39.6265625,POINT (-78.7430341 39.6265625)
,861,880869932,,,,,-78.7413126,39.6277416,POINT (-78.7413126 39.6277416)
,862,880869934,,,,,-78.7417076,39.626824,POINT (-78.7417076 39.626824)
,863,880869937,,,,,-78.741692,39.6277436,POINT (-78.741692 39.6277436)
,864,880869938,,,,,-78.7628135,39.6302973,POINT (-78.76281349999999 39.6302973)
,865,880869940,,,,,-78.7551336,39.6288777,POINT (-78.75513359999999 39.6288777)
,866,880869942,,,,,-78.7553137,39.6277887,POINT (-78.7553137 39.6277887)
,867,880869955,,,,,-78.7398022,39.6266685,POINT (-78.7398022 39.6266685)
,868,880869956,,,,,-78.7369494,39.6255104,POINT (-78.7369494 39.6255104)
,869,880869959,,,,,-78.7626855,39.6302282,POINT (-78.7626855 39.6302282)
,870,880869964,,,,,-78.7424026,39.6267698,POINT (-78.74240260000001 39.6267698)
,871,880869965,,,,,-78.7505243,39.6283903,POINT (-78.7505243 39.6283903)
,872,880869967,,,,,-78.7474371,39.6292241,POINT (-78.7474371 39.6292241)
,873,880869978,,,,,-78.7516439,39.6280071,POINT (-78.7516439 39.6280071)
,874,880869981,,,,,-78.7505865,39.6280624,POINT (-78.7505865 39.6280624)
,875,880869985,,,,,-78.7434707,39.6267118,POINT (-78.7434707 39.6267118)
,876,880869988,,,,,-78.7440484,39.626838,POINT (-78.7440484 39.626838)
,877,880869990,,,,,-78.7629367,39.6305332,POINT (-78.7629367 39.6305332)
,878,880869996,,,,,-78.762288,39.6311565,POINT (-78.762288 39.6311565)
,879,880870004,,,,,-78.7478581,39.6287708,POINT (-78.7478581 39.6287708)
,880,880870005,,,,,-78.7470627,39.628137,POINT (-78.7470627 39.628137)
,881,880870007,,,,,-78.7415952,39.627341,POINT (-78.74159520000001 39.627341)
,882,880870017,,,,,-78.7412499,39.6275358,POINT (-78.7412499 39.6275358)
,883,880870020,,,,,-78.7410904,39.6275805,POINT (-78.7410904 39.6275805)
,884,880870035,,,,,-78.7489275,39.6293917,POINT (-78.74892749999999 39.6293917)
,885,880870038,,,,,-78.7380905,39.6255786,POINT (-78.7380905 39.6255786)
,886,880870043,switch,,,,-78.7406406,39.6266694,POINT (-78.74064060000001 39.6266694)
,887,880870049,,,,,-78.745967,39.6277887,POINT (-78.74596699999999 39.6277887)
,888,880870054,,,,,-78.7517217,39.6280808,POINT (-78.7517217 39.6280808)
,889,880870068,,,,,-78.7408942,39.6275151,POINT (-78.7408942 39.6275151)
,890,880870070,,,,,-78.7447051,39.6272599,POINT (-78.7447051 39.6272599)
,891,880870072,,,,,-78.7469323,39.6292712,POINT (-78.7469323 39.6292712)
,892,880870077,,,,,-78.7606951,39.6294442,POINT (-78.76069510000001 39.6294442)
,893,880870094,,,,,-78.7609754,39.6304232,POINT (-78.76097540000001 39.6304232)
,894,880870096,,,,,-78.739917,39.6266325,POINT (-78.73991700000001 39.6266325)
,895,880870101,,,,,-78.7606126,39.6305718,POINT (-78.7606126 39.6305718)
,896,880870104,switch,,,,-78.7476668,39.6292683,POINT (-78.7476668 39.6292683)
,897,880870106,,,,,-78.7535135,39.6282245,POINT (-78.7535135 39.6282245)
,898,880870109,,,,,-78.7481931,39.6280854,POINT (-78.74819309999999 39.6280854)
,899,880870110,,,,,-78.7413894,39.6271577,POINT (-78.7413894 39.6271577)
,900,880870120,,,,,-78.751431,39.6279739,POINT (-78.751431 39.6279739)
,901,880870124,,,,,-78.7475759,39.6285718,POINT (-78.7475759 39.6285718)
,902,880870126,,,,,-78.7635599,39.6307948,POINT (-78.7635599 39.6307948)
,903,880870129,,,,,-78.7601628,39.6307469,POINT (-78.7601628 39.6307469)
,904,880870132,,,,,-78.759353,39.6301094,POINT (-78.759353 39.6301094)
,905,880870135,,,,,-78.7356228,39.6243643,POINT (-78.7356228 39.6243643)
,906,880870137,,,,,-78.7525315,39.6293623,POINT (-78.7525315 39.6293623)
,907,880870148,,,,,-78.7416406,39.6269634,POINT (-78.7416406 39.6269634)
,908,880870152,,,,,-78.7502833,39.6282194,POINT (-78.75028330000001 39.6282194)
,909,880870156,,,,,-78.7353226,39.6237682,POINT (-78.7353226 39.6237682)
,910,880870157,,,,,-78.7415411,39.6274445,POINT (-78.74154110000001 39.6274445)
,911,880870162,,,,,-78.7591228,39.6301271,POINT (-78.7591228 39.6301271)
,912,880870164,,,,,-78.748327,39.6294369,POINT (-78.748327 39.6294369)
,913,880870173,,,,,-78.7475526,39.6294479,POINT (-78.74755260000001 39.6294479)
,914,880870175,,,,,-78.736801,39.6251575,POINT (-78.736801 39.6251575)
,915,880870177,,,,,-78.7500175,39.6282521,POINT (-78.7500175 39.6282521)
,916,880870180,,,,,-78.7519406,39.6289864,POINT (-78.7519406 39.6289864)
,917,880870183,,,,,-78.7470292,39.6283065,POINT (-78.7470292 39.6283065)
,918,880870209,,,,,-78.7409815,39.6273447,POINT (-78.7409815 39.6273447)
,919,880870211,,,,,-78.7472421,39.6294652,POINT (-78.74724209999999 39.6294652)
,920,880870212,,,,,-78.7405378,39.6261092,POINT (-78.7405378 39.6261092)
,921,880870216,,,,,-78.7502373,39.6296027,POINT (-78.75023729999999 39.6296027)
,922,880870218,,,,,-78.7635527,39.6303526,POINT (-78.76355270000001 39.6303526)
,923,880870225,,,,,-78.7608662,39.6308289,POINT (-78.7608662 39.6308289)
,924,880870226,,,,,-78.7400115,39.627084,POINT (-78.74001149999999 39.627084)
,925,880870231,,,,,-78.7628482,39.630991,POINT (-78.76284819999999 39.630991)
,926,4525606425,level_crossing,,,,-78.7628788,39.6312264,POINT (-78.7628788 39.6312264)
,927,4525606426,level_crossing,,,,-78.762943,39.6314192,POINT (-78.76294300000001 39.6314192)
,928,8229473744,,,,,-78.7391143,39.6267055,POINT (-78.7391143 39.6267055)
