name,link_id,osm_way_id,from_node_id,to_node_id,link_type_name,electrified,railway,frequency,highspeed,maxspeed,maxspeed_designed,passenger_lines,railway_ctcs,railway_traffic_mode,start_date,usage,voltage,gauge,service,length,geometry
P&A Subdivision,0,10940013,440,0,rail,no,rail,,,20 mph,,,,freight,,main,,1435,,76.9640578711979,"LINESTRING (-87.2259344 30.4485625, -87.22626820000001 30.449192)"
P&A Subdivision,1,10940013,0,10,rail,no,rail,,,20 mph,,,,freight,,main,,1435,,84.61357595727135,"LINESTRING (-87.22626820000001 30.449192, -87.22662 30.4498899)"
P&A Subdivision,2,10940013,10,1,rail,no,rail,,,20 mph,,,,freight,,main,,1435,,22.066115594893247,"LINESTRING (-87.22662 30.4498899, -87.2267136 30.4500712)"
P&A Subdivision,3,10940013,1,47,rail,no,rail,,,20 mph,,,,freight,,main,,1435,,31.639634326314926,"LINESTRING (-87.2267136 30.4500712, -87.22684769999999 30.4503312)"
P&A Subdivision,4,10940013,47,2,rail,no,rail,,,20 mph,,,,freight,,main,,1435,,17.99120933966824,"LINESTRING (-87.22684769999999 30.4503312, -87.2269251 30.4504786)"
P&A Subdivision,5,10940013,2,11,rail,no,rail,,,20 mph,,,,freight,,main,,1435,,31.074998042768705,"LINESTRING (-87.2269251 30.4504786, -87.22706030000001 30.4507326)"
P&A Subdivision,6,10940013,11,12,rail,no,rail,,,20 mph,,,,freight,,main,,1435,,30.237588820702545,"LINESTRING (-87.22706030000001 30.4507326, -87.2271897 30.4509806)"
,7,10940102,228,78,rail,no,rail,,,10 mph,,,,,,,,1435,yard,585.3858255202497,"LINESTRING (-87.2347757 30.4657412, -87.23227060000001 30.4609399)"
,8,10940102,78,189,rail,no,rail,,,10 mph,,,,,,,,1435,yard,32.231225407288754,"LINESTRING (-87.23227060000001 30.4609399, -87.2320933 30.4606936)"
,9,10940102,189,260,rail,no,rail,,,10 mph,,,,,,,,1435,yard,28.09335684404673,"LINESTRING (-87.2320933 30.4606936, -87.23193879999999 30.4604789)"
,10,10940102,260,275,rail,no,rail,,,10 mph,,,,,,,,1435,yard,28.069423436412254,"LINESTRING (-87.23193879999999 30.4604789, -87.2317844 30.4602644)"
,11,10940102,275,15,rail,no,rail,,,10 mph,,,,,,,,1435,yard,30.186290014057036,"LINESTRING (-87.2317844 30.4602644, -87.2316184 30.4600337)"
,12,10940102,15,16,rail,no,rail,,,10 mph,,,,,,,,1435,yard,287.4760596371958,"LINESTRING (-87.2316184 30.4600337, -87.2303974 30.4576723)"
,13,10940102,16,110,rail,no,rail,,,10 mph,,,,,,,,1435,yard,374.96066746636865,"LINESTRING (-87.2303974 30.4576723, -87.2288004 30.454594)"
,14,10940102,110,100,rail,no,rail,,,10 mph,,,,,,,,1435,yard,222.36724013070273,"LINESTRING (-87.2288004 30.454594, -87.2278439 30.4527721)"
,15,10940102,100,17,rail,no,rail,,,10 mph,,,,,,,,1435,yard,110.97051260107943,"LINESTRING (-87.2278439 30.4527721, -87.2273759 30.4518593)"
,16,10940106,15,276,rail,no,rail,,,10 mph,,,,,,,,1435,yard,27.326909846368455,"LINESTRING (-87.2316184 30.4600337, -87.231466 30.459826)"
,17,10940106,276,167,rail,no,rail,,,10 mph,,,,,,,,1435,yard,24.68486390107433,"LINESTRING (-87.231466 30.459826, -87.2313283 30.4596384)"
,18,10940106,167,303,rail,no,rail,,,10 mph,,,,,,,,1435,yard,29.738368469563483,"LINESTRING (-87.2313283 30.4596384, -87.2311624 30.4594124)"
,19,10940106,303,18,rail,no,rail,,,10 mph,,,,,,,,1435,yard,28.867096444465446,"LINESTRING (-87.2311624 30.4594124, -87.2310014 30.459193)"
,20,10940106,18,77,rail,no,rail,,,10 mph,,,,,,,,1435,yard,50.20570500581278,"LINESTRING (-87.2310014 30.459193, -87.2307866 30.4587812)"
,21,10940106,77,19,rail,no,rail,,,10 mph,,,,,,,,1435,yard,123.88723921478174,"LINESTRING (-87.2307866 30.4587812, -87.23026659999999 30.4577612)"
,22,10940106,19,66,rail,no,rail,,,10 mph,,,,,,,,1435,yard,357.56867025751166,"LINESTRING (-87.23026659999999 30.4577612, -87.22874 30.4548271)"
,23,10940106,66,57,rail,no,rail,,,10 mph,,,,,,,,1435,yard,221.5834946202975,"LINESTRING (-87.22874 30.4548271, -87.2277931 30.4530092)"
,24,10940106,57,20,rail,no,rail,,,10 mph,,,,,,,,1435,yard,25.041588471883248,"LINESTRING (-87.2277931 30.4530092, -87.2276878 30.4528031)"
,25,10940111,48,50,rail,no,rail,,,10 mph,,,,,,,,1435,yard,18.794584233378103,"LINESTRING (-87.2269271 30.4506626, -87.22695880000001 30.4508294)"
,26,10940111,50,51,rail,no,rail,,,10 mph,,,,,,,,1435,yard,17.71913108958191,"LINESTRING (-87.22695880000001 30.4508294, -87.2269869 30.4509869)"
,27,10940111,51,3,rail,no,rail,,,10 mph,,,,,,,,1435,yard,17.547839135891405,"LINESTRING (-87.2269869 30.4509869, -87.227003 30.4511441)"
,28,10940111,3,24,rail,no,rail,,,10 mph,,,,,,,,1435,yard,14.533176912756351,"LINESTRING (-87.227003 30.4511441, -87.227003 30.4512748)"
,29,10940111,24,91,rail,no,rail,,,10 mph,,,,,,,,1435,yard,14.527118357289677,"LINESTRING (-87.227003 30.4512748, -87.22699900000001 30.4514054)"
,30,10940111,91,25,rail,no,rail,,,10 mph,,,,,,,,1435,yard,37.5413653308408,"LINESTRING (-87.22699900000001 30.4514054, -87.226995 30.451743)"
,31,10940111,25,45,rail,no,rail,,,10 mph,,,,,,,,1435,yard,75.83043613484084,"LINESTRING (-87.226995 30.451743, -87.2270949 30.4524195)"
,32,10940111,45,43,rail,no,rail,,,10 mph,,,,,,,,1435,yard,37.13570637294409,"LINESTRING (-87.2270949 30.4524195, -87.2271666 30.4527477)"
,33,10940111,43,62,rail,no,rail,,,10 mph,,,,,,,,1435,yard,112.89436639232214,"LINESTRING (-87.2271666 30.4527477, -87.227412 30.4537407)"
,34,10940111,62,418,rail,no,rail,,,10 mph,,,,,,,,1435,yard,11.915770649022843,"LINESTRING (-87.227412 30.4537407, -87.2274415 30.4538448)"
,35,10940111,418,63,rail,no,rail,,,10 mph,,,,,,,,1435,yard,12.446904376127883,"LINESTRING (-87.2274415 30.4538448, -87.22747769999999 30.4539523)"
,36,10940111,63,32,rail,no,rail,,,10 mph,,,,,,,,1435,yard,19.55192700126888,"LINESTRING (-87.22747769999999 30.4539523, -87.2275542 30.4541153)"
,37,10940111,32,65,rail,no,rail,,,10 mph,,,,,,,,1435,yard,33.596669312093056,"LINESTRING (-87.2275542 30.4541153, -87.2277232 30.45438)"
,38,10940111,65,40,rail,no,rail,,,10 mph,,,,,,,,1435,yard,33.68881727976262,"LINESTRING (-87.2277232 30.45438, -87.2278546 30.454661)"
,39,10940111,40,39,rail,no,rail,,,10 mph,,,,,,,,1435,yard,25.793193956961584,"LINESTRING (-87.2278546 30.454661, -87.2279679 30.4548714)"
,40,10940111,39,67,rail,no,rail,,,10 mph,,,,,,,,1435,yard,20.82824318845738,"LINESTRING (-87.2279679 30.4548714, -87.2280234 30.4550525)"
,41,10940111,67,28,rail,no,rail,,,10 mph,,,,,,,,1435,yard,21.053299534931767,"LINESTRING (-87.2280234 30.4550525, -87.2280414 30.4552412)"
,42,10940111,28,406,rail,no,rail,,,10 mph,,,,,,,,1435,yard,10.819677254251042,"LINESTRING (-87.2280414 30.4552412, -87.2280341 30.4553383)"
,43,10940111,406,69,rail,no,rail,,,10 mph,,,,,,,,1435,yard,10.98178167040462,"LINESTRING (-87.2280341 30.4553383, -87.2280219 30.4554365)"
,44,10940111,69,405,rail,no,rail,,,10 mph,,,,,,,,1435,yard,14.831738247895347,"LINESTRING (-87.2280219 30.4554365, -87.2279853 30.4555661)"
,45,10940111,405,36,rail,no,rail,,,10 mph,,,,,,,,1435,yard,10.113910779039623,"LINESTRING (-87.2279853 30.4555661, -87.2279569 30.4556537)"
,46,10940111,36,71,rail,no,rail,,,10 mph,,,,,,,,1435,yard,18.232869360826307,"LINESTRING (-87.2279569 30.4556537, -87.2278755 30.4558019)"
,47,10940111,71,404,rail,no,rail,,,10 mph,,,,,,,,1435,yard,12.60853279157576,"LINESTRING (-87.2278755 30.4558019, -87.2278044 30.4558973)"
,48,10940111,404,30,rail,no,rail,,,10 mph,,,,,,,,1435,yard,11.85172856842947,"LINESTRING (-87.2278044 30.4558973, -87.22773119999999 30.4559832)"
,49,10940111,30,73,rail,no,rail,,,10 mph,,,,,,,,1435,yard,15.50370792169655,"LINESTRING (-87.22773119999999 30.4559832, -87.22761490000001 30.4560801)"
,50,10940111,73,31,rail,no,rail,,,10 mph,,,,,,,,1435,yard,15.203245477068037,"LINESTRING (-87.22761490000001 30.4560801, -87.2274915 30.456166)"
,51,10940111,31,403,rail,no,rail,,,10 mph,,,,,,,,1435,yard,12.29392733176174,"LINESTRING (-87.2274915 30.456166, -87.2273857 30.4562285)"
,52,10940111,403,402,rail,no,rail,,,10 mph,,,,,,,,1435,yard,12.46489679667101,"LINESTRING (-87.2273857 30.4562285, -87.22726780000001 30.4562758)"
,53,10940111,402,46,rail,no,rail,,,10 mph,,,,,,,,1435,yard,12.596126998973453,"LINESTRING (-87.22726780000001 30.4562758, -87.2271458 30.4563179)"
,54,10940111,46,35,rail,no,rail,,,10 mph,,,,,,,,1435,yard,45.720973396138724,"LINESTRING (-87.2271458 30.4563179, -87.2266905 30.4564405)"
,55,10940111,35,26,rail,no,rail,,,10 mph,,,,,,,,1435,yard,22.551690935263892,"LINESTRING (-87.2266905 30.4564405, -87.22646690000001 30.4565036)"
,56,159089574,38,75,rail,no,rail,,,10 mph,,,,,,,,1435,yard,62.144747134083445,"LINESTRING (-87.2264974 30.4565772, -87.2271167 30.4564118)"
,57,159089574,75,37,rail,no,rail,,,10 mph,,,,,,,,1435,yard,14.894664788800341,"LINESTRING (-87.2271167 30.4564118, -87.22726230000001 30.456365)"
,58,159089574,37,74,rail,no,rail,,,10 mph,,,,,,,,1435,yard,22.7084245261098,"LINESTRING (-87.22726230000001 30.456365, -87.2274784 30.4562813)"
,59,159089574,74,42,rail,no,rail,,,10 mph,,,,,,,,1435,yard,27.11492669252142,"LINESTRING (-87.2274784 30.4562813, -87.2277072 30.4561379)"
,60,159089574,42,72,rail,no,rail,,,10 mph,,,,,,,,1435,yard,24.356032488149847,"LINESTRING (-87.2277072 30.4561379, -87.22788509999999 30.4559815)"
,61,159089574,72,27,rail,no,rail,,,10 mph,,,,,,,,1435,yard,21.81831269831652,"LINESTRING (-87.22788509999999 30.4559815, -87.22801800000001 30.4558222)"
,62,159089574,27,70,rail,no,rail,,,10 mph,,,,,,,,1435,yard,21.013855840619797,"LINESTRING (-87.22801800000001 30.4558222, -87.22811280000001 30.4556518)"
,63,159089574,70,68,rail,no,rail,,,10 mph,,,,,,,,1435,yard,25.38775260549407,"LINESTRING (-87.22811280000001 30.4556518, -87.2281948 30.4554347)"
,64,159089574,68,33,rail,no,rail,,,10 mph,,,,,,,,1435,yard,19.079750818367966,"LINESTRING (-87.2281948 30.4554347, -87.22822720000001 30.4552654)"
,65,159089574,33,41,rail,no,rail,,,10 mph,,,,,,,,1435,yard,25.041361652324518,"LINESTRING (-87.22822720000001 30.4552654, -87.22822600000001 30.4550402)"
,66,159089574,41,34,rail,no,rail,,,10 mph,,,,,,,,1435,yard,20.224350527506648,"LINESTRING (-87.22822600000001 30.4550402, -87.2281899 30.454861)"
,67,159089574,34,108,rail,no,rail,,,10 mph,,,,,,,,1435,yard,32.23528096941237,"LINESTRING (-87.2281899 30.454861, -87.2281322 30.4545754)"
,68,159089574,108,4,rail,no,rail,,,10 mph,,,,,,,,1435,yard,21.452560138236507,"LINESTRING (-87.2281322 30.4545754, -87.2280947 30.4543852)"
,69,159089574,4,29,rail,no,rail,,,10 mph,,,,,,,,1435,yard,26.78620865368993,"LINESTRING (-87.2280947 30.4543852, -87.2280343 30.45415)"
,70,159089574,29,421,rail,no,rail,,,10 mph,,,,,,,,1435,yard,9.879367951676814,"LINESTRING (-87.2280343 30.45415, -87.2280021 30.4540656)"
,71,159089574,421,64,rail,no,rail,,,10 mph,,,,,,,,1435,yard,11.137288175579023,"LINESTRING (-87.2280021 30.4540656, -87.22796460000001 30.4539708)"
,72,159089574,64,61,rail,no,rail,,,10 mph,,,,,,,,1435,yard,28.496749419134495,"LINESTRING (-87.22796460000001 30.4539708, -87.2278452 30.4537361)"
,73,159089574,61,60,rail,no,rail,,,10 mph,,,,,,,,1435,yard,19.60409263329798,"LINESTRING (-87.2278452 30.4537361, -87.22775540000001 30.4535777)"
,74,159089574,60,59,rail,no,rail,,,10 mph,,,,,,,,1435,yard,13.537023643506098,"LINESTRING (-87.22775540000001 30.4535777, -87.2277071 30.4534633)"
,75,159089574,59,58,rail,no,rail,,,10 mph,,,,,,,,1435,yard,21.559833262941325,"LINESTRING (-87.2277071 30.4534633, -87.227653 30.4532751)"
,76,159089574,58,56,rail,no,rail,,,10 mph,,,,,,,,1435,yard,174.20273142014935,"LINESTRING (-87.227653 30.4532751, -87.2272232 30.4517529)"
,77,159089574,56,55,rail,no,rail,,,10 mph,,,,,,,,1435,yard,26.501166540506528,"LINESTRING (-87.2272232 30.4517529, -87.2271614 30.4515206)"
,78,159089574,55,54,rail,no,rail,,,10 mph,,,,,,,,1435,yard,12.214036463354974,"LINESTRING (-87.2271614 30.4515206, -87.2271331 30.4514135)"
,79,159089574,54,53,rail,no,rail,,,10 mph,,,,,,,,1435,yard,27.83544190214903,"LINESTRING (-87.2271331 30.4514135, -87.2270888 30.4511661)"
,80,159089574,53,52,rail,no,rail,,,10 mph,,,,,,,,1435,yard,18.619716041771184,"LINESTRING (-87.2270888 30.4511661, -87.22703919999999 30.4510042)"
,81,159089574,52,49,rail,no,rail,,,10 mph,,,,,,,,1435,yard,23.424496398019926,"LINESTRING (-87.22703919999999 30.4510042, -87.22697960000001 30.4507999)"
,82,159089574,49,48,rail,no,rail,,,10 mph,,,,,,,,1435,yard,16.075116082938663,"LINESTRING (-87.22697960000001 30.4507999, -87.2269271 30.4506626)"
,83,159332035,82,83,rail,no,rail,,,10 mph,,,,,,,,1435,yard,197.3497263812456,"LINESTRING (-87.22592090000001 30.4486361, -87.22676389999999 30.4502553)"
,84,159332035,83,84,rail,no,rail,,,10 mph,,,,,,,,1435,yard,18.44244151485647,"LINESTRING (-87.22676389999999 30.4502553, -87.22684219999999 30.4504068)"
,85,159332035,84,85,rail,no,rail,,,10 mph,,,,,,,,1435,yard,26.664707206053723,"LINESTRING (-87.22684219999999 30.4504068, -87.2269563 30.4506255)"
,86,159332035,85,86,rail,no,rail,,,10 mph,,,,,,,,1435,yard,31.91178588064178,"LINESTRING (-87.2269563 30.4506255, -87.2270568 30.4508991)"
,87,159332035,86,88,rail,no,rail,,,10 mph,,,,,,,,1435,yard,24.92063838603582,"LINESTRING (-87.2270568 30.4508991, -87.2271286 30.4511145)"
,88,159332035,88,89,rail,no,rail,,,10 mph,,,,,,,,1435,yard,6.659197657721763,"LINESTRING (-87.2271286 30.4511145, -87.22714879999999 30.4511718)"
,89,159332035,89,90,rail,no,rail,,,10 mph,,,,,,,,1435,yard,20.43006463747489,"LINESTRING (-87.22714879999999 30.4511718, -87.2272072 30.4513485)"
,90,159332035,90,94,rail,no,rail,,,10 mph,,,,,,,,1435,yard,26.68605603451167,"LINESTRING (-87.2272072 30.4513485, -87.22728669999999 30.4515785)"
,91,159332035,94,261,rail,no,rail,,,10 mph,,,,,,,,1435,yard,8.23210084175129,"LINESTRING (-87.22728669999999 30.4515785, -87.2273094 30.4516499)"
,92,159332035,261,17,rail,no,rail,,,10 mph,,,,,,,,1435,yard,24.141008854394112,"LINESTRING (-87.2273094 30.4516499, -87.2273759 30.4518593)"
,93,159332035,17,96,rail,no,rail,,,10 mph,,,,,,,,1435,yard,28.441311094725485,"LINESTRING (-87.2273759 30.4518593, -87.22745209999999 30.4521065)"
,94,159332035,96,98,rail,no,rail,,,10 mph,,,,,,,,1435,yard,26.10330309994934,"LINESTRING (-87.22745209999999 30.4521065, -87.22752819999999 30.4523319)"
,95,159332035,98,99,rail,no,rail,,,10 mph,,,,,,,,1435,yard,25.500090184938767,"LINESTRING (-87.22752819999999 30.4523319, -87.2276013 30.4525524)"
,96,159332035,99,20,rail,no,rail,,,10 mph,,,,,,,,1435,yard,29.0835322559826,"LINESTRING (-87.2276013 30.4525524, -87.2276878 30.4528031)"
,97,159332035,20,101,rail,no,rail,,,10 mph,,,,,,,,1435,yard,25.773553208124216,"LINESTRING (-87.2276878 30.4528031, -87.22775 30.4530286)"
,98,159332035,101,102,rail,no,rail,,,10 mph,,,,,,,,1435,yard,18.626093534645157,"LINESTRING (-87.22775 30.4530286, -87.2277912 30.4531923)"
,99,159332035,102,23,rail,no,rail,,,10 mph,,,,,,,,1435,yard,17.417100603049043,"LINESTRING (-87.2277912 30.4531923, -87.2278268 30.4533459)"
,100,159332035,23,44,rail,no,rail,,,10 mph,,,,,,,,1435,yard,21.31915379696764,"LINESTRING (-87.2278268 30.4533459, -87.2278774 30.4535326)"
,101,159332035,44,326,rail,no,rail,,,10 mph,,,,,,,,1435,yard,34.477364080146806,"LINESTRING (-87.2278774 30.4535326, -87.2279927 30.4538263)"
,102,159332035,326,325,rail,no,rail,,,10 mph,,,,,,,,1435,yard,23.414317597374712,"LINESTRING (-87.2279927 30.4538263, -87.228093 30.4540183)"
,103,159332035,325,327,rail,no,rail,,,10 mph,,,,,,,,1435,yard,195.5878519139083,"LINESTRING (-87.228093 30.4540183, -87.2289366 30.4556199)"
,104,159332035,327,357,rail,no,rail,,,10 mph,,,,,,,,1435,yard,110.90590573007741,"LINESTRING (-87.2289366 30.4556199, -87.2294011 30.4565334)"
,105,159332035,357,22,rail,no,rail,,,10 mph,,,,,,,,1435,yard,152.66531247348868,"LINESTRING (-87.2294011 30.4565334, -87.23004039999999 30.4577909)"
,106,159332035,22,76,rail,no,rail,,,10 mph,,,,,,,,1435,yard,36.20443512155407,"LINESTRING (-87.23004039999999 30.4577909, -87.23020750000001 30.4580829)"
,107,159332035,76,21,rail,no,rail,,,10 mph,,,,,,,,1435,yard,33.257238870817105,"LINESTRING (-87.23020750000001 30.4580829, -87.230379 30.4583429)"
,108,159332035,21,340,rail,no,rail,,,10 mph,,,,,,,,1435,yard,28.481084005562728,"LINESTRING (-87.230379 30.4583429, -87.23053760000001 30.4585595)"
,109,159332035,340,328,rail,no,rail,,,10 mph,,,,,,,,1435,yard,26.358366912006623,"LINESTRING (-87.23053760000001 30.4585595, -87.23068429999999 30.45876)"
,110,159332035,328,314,rail,no,rail,,,10 mph,,,,,,,,1435,yard,30.285987212691495,"LINESTRING (-87.23068429999999 30.45876, -87.230853 30.4589903)"
,111,159332035,314,18,rail,no,rail,,,10 mph,,,,,,,,1435,yard,26.652171694163176,"LINESTRING (-87.230853 30.4589903, -87.2310014 30.459193)"
,112,159332037,137,136,rail,no,rail,,,10 mph,,,,,,,,1435,yard,28.858179287188293,"LINESTRING (-87.2289291 30.4570176, -87.228767 30.4567989)"
,113,159332037,136,134,rail,no,rail,,,10 mph,,,,,,,,1435,yard,25.83146536288036,"LINESTRING (-87.228767 30.4567989, -87.2285725 30.4566381)"
,114,159332037,134,131,rail,no,rail,,,10 mph,,,,,,,,1435,yard,22.791207296478447,"LINESTRING (-87.2285725 30.4566381, -87.2283742 30.456525)"
,115,159332037,131,130,rail,no,rail,,,10 mph,,,,,,,,1435,yard,19.638925978349384,"LINESTRING (-87.2283742 30.456525, -87.22819130000001 30.4564454)"
,116,159332037,130,129,rail,no,rail,,,10 mph,,,,,,,,1435,yard,21.108675111932058,"LINESTRING (-87.22819130000001 30.4564454, -87.2279826 30.4563848)"
,117,159332037,129,127,rail,no,rail,,,10 mph,,,,,,,,1435,yard,21.961597370523076,"LINESTRING (-87.2279826 30.4563848, -87.2277569 30.4563508)"
,118,159332037,127,126,rail,no,rail,,,10 mph,,,,,,,,1435,yard,20.063547981763545,"LINESTRING (-87.2277569 30.4563508, -87.22754759999999 30.4563484)"
,119,159332037,126,128,rail,no,rail,,,10 mph,,,,,,,,1435,yard,20.17883483175127,"LINESTRING (-87.22754759999999 30.4563484, -87.22733839999999 30.4563687)"
,120,159332037,128,75,rail,no,rail,,,10 mph,,,,,,,,1435,yard,21.78404060615406,"LINESTRING (-87.22733839999999 30.4563687, -87.2271167 30.4564118)"
,121,159332038,114,119,rail,no,rail,,,10 mph,,,,,,,,1435,yard,52.00152723293345,"LINESTRING (-87.2284449 30.4554084, -87.22859010000001 30.455859)"
,122,159332038,119,122,rail,no,rail,,,10 mph,,,,,,,,1435,yard,30.419342538389124,"LINESTRING (-87.22859010000001 30.455859, -87.2286587 30.4561261)"
,123,159332038,122,124,rail,no,rail,,,10 mph,,,,,,,,1435,yard,18.48657047317026,"LINESTRING (-87.2286587 30.4561261, -87.2287111 30.4562861)"
,124,159332038,124,135,rail,no,rail,,,10 mph,,,,,,,,1435,yard,51.51482034834513,"LINESTRING (-87.2287111 30.4562861, -87.22889410000001 30.4567217)"
,125,159332038,135,138,rail,no,rail,,,10 mph,,,,,,,,1435,yard,52.11869572585141,"LINESTRING (-87.22889410000001 30.4567217, -87.229088 30.4571596)"
,126,159332038,138,142,rail,no,rail,,,10 mph,,,,,,,,1435,yard,46.24141487238565,"LINESTRING (-87.229088 30.4571596, -87.2292607 30.4575479)"
,127,159332038,142,146,rail,no,rail,,,10 mph,,,,,,,,1435,yard,23.464325329284822,"LINESTRING (-87.2292607 30.4575479, -87.2293356 30.4577488)"
,128,159332038,146,149,rail,no,rail,,,10 mph,,,,,,,,1435,yard,26.705271234490972,"LINESTRING (-87.2293356 30.4577488, -87.2294289 30.4579751)"
,129,159332038,149,157,rail,no,rail,,,10 mph,,,,,,,,1435,yard,122.65500303007519,"LINESTRING (-87.2294289 30.4579751, -87.2299512 30.4589821)"
,130,159332039,34,109,rail,no,rail,,,10 mph,,,,,,,,1435,yard,31.957870248430616,"LINESTRING (-87.2281899 30.454861, -87.22808120000001 30.4545893)"
,131,159332039,109,107,rail,no,rail,,,10 mph,,,,,,,,1435,yard,16.20833185679593,"LINESTRING (-87.22808120000001 30.4545893, -87.2280061 30.4544587)"
,132,159332039,107,106,rail,no,rail,,,10 mph,,,,,,,,1435,yard,69.33596291663288,"LINESTRING (-87.2280061 30.4544587, -87.2276561 30.453913)"
,133,159332039,106,105,rail,no,rail,,,10 mph,,,,,,,,1435,yard,14.327508751744734,"LINESTRING (-87.2276561 30.453913, -87.2275958 30.4537951)"
,134,159332039,105,420,rail,no,rail,,,10 mph,,,,,,,,1435,yard,10.291000057437987,"LINESTRING (-87.2275958 30.4537951, -87.22756219999999 30.4537072)"
,135,159332039,420,104,rail,no,rail,,,10 mph,,,,,,,,1435,yard,11.355283365452033,"LINESTRING (-87.22756219999999 30.4537072, -87.2275301 30.4536089)"
,136,159332039,104,103,rail,no,rail,,,10 mph,,,,,,,,1435,yard,24.249980512267612,"LINESTRING (-87.2275301 30.4536089, -87.22746840000001 30.4533974)"
,137,159332039,103,97,rail,no,rail,,,10 mph,,,,,,,,1435,yard,138.0251642700897,"LINESTRING (-87.22746840000001 30.4533974, -87.22713520000001 30.4521898)"
,138,159332039,97,95,rail,no,rail,,,10 mph,,,,,,,,1435,yard,15.540157471563438,"LINESTRING (-87.22713520000001 30.4521898, -87.22709690000001 30.452054)"
,139,159332039,95,407,rail,no,rail,,,10 mph,,,,,,,,1435,yard,23.904356197277295,"LINESTRING (-87.22709690000001 30.452054, -87.2270607 30.4518413)"
,140,159332039,407,93,rail,no,rail,,,10 mph,,,,,,,,1435,yard,18.288853745245483,"LINESTRING (-87.2270607 30.4518413, -87.2270352 30.4516783)"
,141,159332039,93,91,rail,no,rail,,,10 mph,,,,,,,,1435,yard,30.54285110254902,"LINESTRING (-87.2270352 30.4516783, -87.22699900000001 30.4514054)"
,142,159332040,226,223,rail,no,rail,,,10 mph,,,,,,,,1435,yard,51.65922267701539,"LINESTRING (-87.2345711 30.465482, -87.234263 30.4651008)"
,143,159332040,223,222,rail,no,rail,,,10 mph,,,,,,,,1435,yard,23.05989316005115,"LINESTRING (-87.234263 30.4651008, -87.23412519999999 30.4649308)"
,144,159332040,222,221,rail,no,rail,,,10 mph,,,,,,,,1435,yard,16.225590414676414,"LINESTRING (-87.23412519999999 30.4649308, -87.2340325 30.4648087)"
,145,159332040,221,220,rail,no,rail,,,10 mph,,,,,,,,1435,yard,15.009622780468401,"LINESTRING (-87.2340325 30.4648087, -87.2339546 30.4646916)"
,146,159332040,220,218,rail,no,rail,,,10 mph,,,,,,,,1435,yard,19.33716482194983,"LINESTRING (-87.2339546 30.4646916, -87.2338721 30.4645329)"
,147,159332040,218,186,rail,no,rail,,,10 mph,,,,,,,,1435,yard,481.041274876911,"LINESTRING (-87.2338721 30.4645329, -87.23182060000001 30.4605847)"
,148,159332040,186,181,rail,no,rail,,,10 mph,,,,,,,,1435,yard,42.38880709012374,"LINESTRING (-87.23182060000001 30.4605847, -87.2316398 30.4602368)"
,149,159332040,181,175,rail,no,rail,,,10 mph,,,,,,,,1435,yard,27.16268452099657,"LINESTRING (-87.2316398 30.4602368, -87.2315203 30.4600153)"
,150,159332040,175,171,rail,no,rail,,,10 mph,,,,,,,,1435,yard,29.566984597164,"LINESTRING (-87.2315203 30.4600153, -87.23139689999999 30.4597716)"
,151,159332040,171,167,rail,no,rail,,,10 mph,,,,,,,,1435,yard,16.2050577314294,"LINESTRING (-87.23139689999999 30.4597716, -87.2313283 30.4596384)"
,152,159332041,223,79,rail,no,rail,,,10 mph,,,,,,,,1435,yard,38.33060021473101,"LINESTRING (-87.234263 30.4651008, -87.2339953 30.4648447)"
,153,159332041,79,219,rail,no,rail,,,10 mph,,,,,,,,1435,yard,45.4889926193903,"LINESTRING (-87.2339953 30.4648447, -87.2336777 30.4645407)"
,154,159332041,219,215,rail,no,rail,,,10 mph,,,,,,,,1435,yard,65.24229563136858,"LINESTRING (-87.2336777 30.4645407, -87.2332191 30.4641071)"
,155,159332041,215,210,rail,no,rail,,,10 mph,,,,,,,,1435,yard,57.25087141012056,"LINESTRING (-87.2332191 30.4641071, -87.23282210000001 30.4637224)"
,156,159332041,210,208,rail,no,rail,,,10 mph,,,,,,,,1435,yard,17.67350488155475,"LINESTRING (-87.23282210000001 30.4637224, -87.2327088 30.463597)"
,157,159332041,208,205,rail,no,rail,,,10 mph,,,,,,,,1435,yard,20.934406546461457,"LINESTRING (-87.2327088 30.463597, -87.2325993 30.4634341)"
,158,159332041,205,202,rail,no,rail,,,10 mph,,,,,,,,1435,yard,22.349586381952527,"LINESTRING (-87.2325993 30.4634341, -87.2325001 30.4632522)"
,159,159332041,202,174,rail,no,rail,,,10 mph,,,,,,,,1435,yard,394.9769703065668,"LINESTRING (-87.2325001 30.4632522, -87.2308221 30.4600079)"
,160,159332041,174,118,rail,no,rail,,,10 mph,,,,,,,,1435,yard,508.523597711515,"LINESTRING (-87.2308221 30.4600079, -87.22866190000001 30.4558309)"
,161,159332041,118,116,rail,no,rail,,,10 mph,,,,,,,,1435,yard,26.798091086444668,"LINESTRING (-87.22866190000001 30.4558309, -87.22855199999999 30.4556093)"
,162,159332041,116,114,rail,no,rail,,,10 mph,,,,,,,,1435,yard,24.58496553225941,"LINESTRING (-87.22855199999999 30.4556093, -87.2284449 30.4554084)"
,163,159332041,114,113,rail,no,rail,,,10 mph,,,,,,,,1435,yard,47.786575452971505,"LINESTRING (-87.2284449 30.4554084, -87.2282897 30.455)"
,164,159332041,113,111,rail,no,rail,,,10 mph,,,,,,,,1435,yard,23.024716566856902,"LINESTRING (-87.2282897 30.455, -87.2282194 30.454802)"
,165,159332041,111,108,rail,no,rail,,,10 mph,,,,,,,,1435,yard,26.54694619928422,"LINESTRING (-87.2282194 30.454802, -87.2281322 30.4545754)"
,166,159332044,219,217,rail,no,rail,,,10 mph,,,,,,,,1435,yard,36.641568456631155,"LINESTRING (-87.2336777 30.4645407, -87.2334602 30.4642697)"
,167,159332044,217,214,rail,no,rail,,,10 mph,,,,,,,,1435,yard,23.657376240403984,"LINESTRING (-87.2334602 30.4642697, -87.2333024 30.4641061)"
,168,159332044,214,209,rail,no,rail,,,10 mph,,,,,,,,1435,yard,72.28161814612622,"LINESTRING (-87.2333024 30.4641061, -87.2328 30.4636213)"
,169,159332044,209,207,rail,no,rail,,,10 mph,,,,,,,,1435,yard,11.411476625477023,"LINESTRING (-87.2328 30.4636213, -87.23273380000001 30.463536)"
,170,159332044,207,204,rail,no,rail,,,10 mph,,,,,,,,1435,yard,17.739151594982737,"LINESTRING (-87.23273380000001 30.463536, -87.232647 30.4633951)"
,171,159332044,204,201,rail,no,rail,,,10 mph,,,,,,,,1435,yard,19.23112606474789,"LINESTRING (-87.232647 30.4633951, -87.2325697 30.4632355)"
,172,159332044,201,165,rail,no,rail,,,10 mph,,,,,,,,1435,yard,452.21133167036845,"LINESTRING (-87.2325697 30.4632355, -87.2306371 30.4595255)"
,173,159332044,165,162,rail,no,rail,,,10 mph,,,,,,,,1435,yard,16.119415790504792,"LINESTRING (-87.2306371 30.4595255, -87.2305721 30.4593918)"
,174,159332044,162,159,rail,no,rail,,,10 mph,,,,,,,,1435,yard,26.742257622258148,"LINESTRING (-87.2305721 30.4593918, -87.2304783 30.4591653)"
,175,159332044,159,117,rail,no,rail,,,10 mph,,,,,,,,1435,yard,414.3435600903903,"LINESTRING (-87.2304783 30.4591653, -87.22872390000001 30.4557597)"
,176,159332044,117,115,rail,no,rail,,,10 mph,,,,,,,,1435,yard,19.090756728417375,"LINESTRING (-87.22872390000001 30.4557597, -87.2286457 30.4556018)"
,177,159332044,115,112,rail,no,rail,,,10 mph,,,,,,,,1435,yard,77.21446137411088,"LINESTRING (-87.2286457 30.4556018, -87.2283089 30.454971)"
,178,159332044,112,111,rail,no,rail,,,10 mph,,,,,,,,1435,yard,20.65754018366744,"LINESTRING (-87.2283089 30.454971, -87.2282194 30.454802)"
,179,159332045,48,84,rail,,rail,,,,,,,,,,,,yard,29.585027410142786,"LINESTRING (-87.2269271 30.4506626, -87.22684219999999 30.4504068)"
,180,159332046,195,194,rail,no,rail,,,10 mph,,,,,,,,1435,spur,28.717276066873584,"LINESTRING (-87.2289111 30.4611853, -87.2290855 30.4609753)"
,181,159332046,194,193,rail,no,rail,,,10 mph,,,,,,,,1435,spur,8.690979745453609,"LINESTRING (-87.2290855 30.4609753, -87.22913200000001 30.4609082)"
,182,159332046,193,192,rail,no,rail,,,10 mph,,,,,,,,1435,spur,10.405893425836808,"LINESTRING (-87.22913200000001 30.4609082, -87.22917889999999 30.4608238)"
,183,159332046,192,190,rail,no,rail,,,10 mph,,,,,,,,1435,spur,10.097711547824806,"LINESTRING (-87.22917889999999 30.4608238, -87.2292144 30.4607383)"
,184,159332046,190,188,rail,no,rail,,,10 mph,,,,,,,,1435,spur,11.686053190776418,"LINESTRING (-87.2292144 30.4607383, -87.2292489 30.4606375)"
,185,159332046,188,185,rail,no,rail,,,10 mph,,,,,,,,1435,spur,12.409272426392578,"LINESTRING (-87.2292489 30.4606375, -87.22927919999999 30.460529)"
,186,159332046,185,183,rail,no,rail,,,10 mph,,,,,,,,1435,spur,13.169776556982145,"LINESTRING (-87.22927919999999 30.460529, -87.22929980000001 30.4604119)"
,187,159332046,183,182,rail,no,rail,,,10 mph,,,,,,,,1435,spur,6.03041023341329,"LINESTRING (-87.22929980000001 30.4604119, -87.2293042 30.4603578)"
,188,159332046,182,179,rail,no,rail,,,10 mph,,,,,,,,1435,spur,19.82661830608978,"LINESTRING (-87.2293042 30.4603578, -87.2292971 30.4601796)"
,189,159332046,179,176,rail,no,rail,,,10 mph,,,,,,,,1435,spur,12.577942184665158,"LINESTRING (-87.2292971 30.4601796, -87.2292764 30.4600679)"
,190,159332046,176,173,rail,no,rail,,,10 mph,,,,,,,,1435,spur,10.138332380481458,"LINESTRING (-87.2292764 30.4600679, -87.22924829999999 30.45998)"
,191,159332046,173,169,rail,no,rail,,,10 mph,,,,,,,,1435,spur,24.161165919947216,"LINESTRING (-87.22924829999999 30.45998, -87.2291735 30.4597725)"
,192,159332046,169,163,rail,no,rail,,,10 mph,,,,,,,,1435,spur,40.03848444424252,"LINESTRING (-87.2291735 30.4597725, -87.229016 30.459439)"
,193,159332046,163,160,rail,no,rail,,,10 mph,,,,,,,,1435,spur,18.54213423029559,"LINESTRING (-87.229016 30.459439, -87.2289619 30.4592789)"
,194,159332046,160,158,rail,no,rail,,,10 mph,,,,,,,,1435,spur,19.117105435918898,"LINESTRING (-87.2289619 30.4592789, -87.2289354 30.4591085)"
,195,159332046,158,156,rail,no,rail,,,10 mph,,,,,,,,1435,spur,24.70181637327634,"LINESTRING (-87.2289354 30.4591085, -87.2289408 30.4588864)"
,196,159332046,156,155,rail,no,rail,,,10 mph,,,,,,,,1435,spur,21.707304140140955,"LINESTRING (-87.2289408 30.4588864, -87.2289756 30.4586935)"
,197,159332046,155,443,rail,no,rail,,,10 mph,,,,,,,,1435,spur,42.56251205120575,"LINESTRING (-87.2289756 30.4586935, -87.2290867 30.4583229)"
,198,159332046,443,151,rail,no,rail,,,10 mph,,,,,,,,1435,spur,28.149696160102227,"LINESTRING (-87.2290867 30.4583229, -87.2291602 30.4580778)"
,199,159332046,151,148,rail,no,rail,,,10 mph,,,,,,,,1435,spur,18.181452712203495,"LINESTRING (-87.2291602 30.4580778, -87.22919760000001 30.4579175)"
,200,159332046,148,145,rail,no,rail,,,10 mph,,,,,,,,1435,spur,22.93953138930499,"LINESTRING (-87.22919760000001 30.4579175, -87.2291979 30.4577112)"
,201,159332046,145,141,rail,no,rail,,,10 mph,,,,,,,,1435,spur,18.66715751549355,"LINESTRING (-87.2291979 30.4577112, -87.229173 30.4575447)"
,202,159332046,141,139,rail,no,rail,,,10 mph,,,,,,,,1435,spur,21.366837008723273,"LINESTRING (-87.229173 30.4575447, -87.22911569999999 30.457359)"
,203,159332047,41,120,rail,no,rail,,,10 mph,,,,,,,,1435,yard,94.40392646845865,"LINESTRING (-87.22822600000001 30.4550402, -87.2284145 30.4558735)"
,204,159332047,120,121,rail,no,rail,,,10 mph,,,,,,,,1435,yard,22.480217704917173,"LINESTRING (-87.2284145 30.4558735, -87.22847969999999 30.4560677)"
,205,159332047,121,125,rail,no,rail,,,10 mph,,,,,,,,1435,yard,29.281945772048694,"LINESTRING (-87.22847969999999 30.4560677, -87.2285808 30.4563162)"
,206,159332047,125,133,rail,no,rail,,,10 mph,,,,,,,,1435,yard,35.33815081336738,"LINESTRING (-87.2285808 30.4563162, -87.22872220000001 30.4566097)"
,207,159332047,133,137,rail,no,rail,,,10 mph,,,,,,,,1435,yard,49.50250199683983,"LINESTRING (-87.22872220000001 30.4566097, -87.2289291 30.4570176)"
,208,159332047,137,139,rail,no,rail,,,10 mph,,,,,,,,1435,yard,41.964398831357336,"LINESTRING (-87.2289291 30.4570176, -87.22911569999999 30.457359)"
,209,159332047,139,143,rail,no,rail,,,10 mph,,,,,,,,1435,yard,27.215335128664382,"LINESTRING (-87.22911569999999 30.457359, -87.2292247 30.457585)"
,210,159332047,143,144,rail,no,rail,,,10 mph,,,,,,,,1435,yard,14.080814888232142,"LINESTRING (-87.2292247 30.457585, -87.22927230000001 30.4577048)"
,211,159332047,144,147,rail,no,rail,,,10 mph,,,,,,,,1435,yard,17.204294304378557,"LINESTRING (-87.22927230000001 30.4577048, -87.22931939999999 30.4578541)"
,212,159332047,147,150,rail,no,rail,,,10 mph,,,,,,,,1435,yard,17.047293826987282,"LINESTRING (-87.22931939999999 30.4578541, -87.22936989999999 30.4580011)"
,213,159332047,150,152,rail,no,rail,,,10 mph,,,,,,,,1435,yard,17.565509112432327,"LINESTRING (-87.22936989999999 30.4580011, -87.2294349 30.4581488)"
,214,159332047,152,153,rail,no,rail,,,10 mph,,,,,,,,1435,yard,21.040933040264367,"LINESTRING (-87.2294349 30.4581488, -87.2295209 30.4583229)"
,215,159332047,153,154,rail,no,rail,,,10 mph,,,,,,,,1435,yard,23.153992735070563,"LINESTRING (-87.2295209 30.4583229, -87.22962 30.4585128)"
,216,159332047,154,166,rail,no,rail,,,10 mph,,,,,,,,1435,yard,130.7192340234562,"LINESTRING (-87.22962 30.4585128, -87.2301659 30.4595901)"
,217,159332047,166,170,rail,no,rail,,,10 mph,,,,,,,,1435,yard,19.94870661881028,"LINESTRING (-87.2301659 30.4595901, -87.2302605 30.4597499)"
,218,159332047,170,172,rail,no,rail,,,10 mph,,,,,,,,1435,yard,22.685280359529536,"LINESTRING (-87.2302605 30.4597499, -87.23037859999999 30.4599267)"
,219,159332047,172,177,rail,no,rail,,,10 mph,,,,,,,,1435,yard,21.5854929677648,"LINESTRING (-87.23037859999999 30.4599267, -87.23049399999999 30.4600934)"
,220,159332047,177,180,rail,no,rail,,,10 mph,,,,,,,,1435,yard,15.05524313704317,"LINESTRING (-87.23049399999999 30.4600934, -87.2305752 30.4602093)"
,221,159332047,180,445,rail,no,rail,,,10 mph,,,,,,,,1435,yard,17.722584803458798,"LINESTRING (-87.2305752 30.4602093, -87.23066249999999 30.4603498)"
,222,159332047,445,198,rail,no,rail,,,10 mph,,,,,,,,1435,yard,319.5823255109313,"LINESTRING (-87.23066249999999 30.4603498, -87.2320218 30.4629742)"
,223,159332047,198,199,rail,no,rail,,,10 mph,,,,,,,,1435,yard,11.215072768318024,"LINESTRING (-87.2320218 30.4629742, -87.23207530000001 30.4630639)"
,224,159332047,199,200,rail,no,rail,,,10 mph,,,,,,,,1435,yard,12.55967386680492,"LINESTRING (-87.23207530000001 30.4630639, -87.23214950000001 30.463157)"
,225,159332047,200,203,rail,no,rail,,,10 mph,,,,,,,,1435,yard,14.181756925505155,"LINESTRING (-87.23214950000001 30.463157, -87.2322394 30.4632583)"
,226,159332047,203,206,rail,no,rail,,,10 mph,,,,,,,,1435,yard,33.60242593508546,"LINESTRING (-87.2322394 30.4632583, -87.2324699 30.463486)"
,227,159332047,206,211,rail,no,rail,,,10 mph,,,,,,,,1435,yard,37.63697680080817,"LINESTRING (-87.2324699 30.463486, -87.23273450000001 30.4637361)"
,228,159332047,211,80,rail,no,rail,,,10 mph,,,,,,,,1435,yard,189.7222239767818,"LINESTRING (-87.23273450000001 30.4637361, -87.23406629999999 30.4649984)"
,229,159332047,80,224,rail,no,rail,,,10 mph,,,,,,,,1435,yard,20.933840239573893,"LINESTRING (-87.23406629999999 30.4649984, -87.2342122 30.4651385)"
,230,159332047,224,444,rail,no,rail,,,10 mph,,,,,,,,1435,yard,14.12630389615128,"LINESTRING (-87.2342122 30.4651385, -87.2343094 30.465234)"
,231,159332047,444,225,rail,no,rail,,,10 mph,,,,,,,,1435,yard,13.752992388873166,"LINESTRING (-87.2343094 30.465234, -87.234404 30.465327)"
,232,159332047,225,226,rail,no,rail,,,10 mph,,,,,,,,1435,yard,23.527509679460838,"LINESTRING (-87.234404 30.465327, -87.2345711 30.465482)"
,233,159332047,226,227,rail,no,rail,,,10 mph,,,,,,,,1435,yard,12.775021989526197,"LINESTRING (-87.2345711 30.465482, -87.2346514 30.4655737)"
,234,159332047,227,228,rail,no,rail,,,10 mph,,,,,,,,1435,yard,22.109305646420648,"LINESTRING (-87.2346514 30.4655737, -87.2347757 30.4657412)"
,235,159332047,228,229,rail,no,rail,,,10 mph,,,,,,,,1435,yard,32.66039618981018,"LINESTRING (-87.2347757 30.4657412, -87.2349494 30.4659939)"
,236,159332051,89,92,rail,no,rail,,,10 mph,,,,,,,,1435,yard,44.00233928231559,"LINESTRING (-87.22714879999999 30.4511718, -87.22734440000001 30.4515298)"
,237,159332051,92,140,rail,no,rail,,,10 mph,,,,,,,,1435,yard,727.1276239653536,"LINESTRING (-87.22734440000001 30.4515298, -87.2304347 30.4575018)"
,238,159332051,140,178,rail,no,rail,,,10 mph,,,,,,,,1435,yard,316.2924155880937,"LINESTRING (-87.2304347 30.4575018, -87.2317913 30.4600948)"
,239,159332051,178,189,rail,no,rail,,,10 mph,,,,,,,,1435,yard,72.60329216542837,"LINESTRING (-87.2317913 30.4600948, -87.2320933 30.4606936)"
,240,159332052,229,197,rail,no,rail,,,10 mph,,,,,,,,1435,yard,506.12639129698425,"LINESTRING (-87.2349494 30.4659939, -87.2327904 30.46184)"
,241,159332052,197,196,rail,no,rail,,,10 mph,,,,,,,,1435,yard,36.498078177474014,"LINESTRING (-87.2327904 30.46184, -87.2326333 30.461541)"
,242,159332052,196,87,rail,no,rail,,,10 mph,,,,,,,,1435,yard,1294.264732852072,"LINESTRING (-87.2326333 30.461541, -87.2271142 30.4509181)"
,243,159332052,87,85,rail,no,rail,,,10 mph,,,,,,,,1435,yard,35.884004899329234,"LINESTRING (-87.2271142 30.4509181, -87.2269563 30.4506255)"
,244,159332053,119,123,rail,no,rail,,,10 mph,,,,,,,,1435,yard,42.80523153330835,"LINESTRING (-87.22859010000001 30.455859, -87.2287525 30.4562176)"
,245,159332053,123,132,rail,no,rail,,,10 mph,,,,,,,,1435,yard,44.935208475606075,"LINESTRING (-87.2287525 30.4562176, -87.228937 30.4565891)"
,246,159332053,132,431,rail,no,rail,,,10 mph,,,,,,,,1435,yard,185.63225398954742,"LINESTRING (-87.228937 30.4565891, -87.2297281 30.4581129)"
,247,159332053,431,161,rail,no,rail,,,10 mph,,,,,,,,1435,yard,150.6799537145119,"LINESTRING (-87.2297281 30.4581129, -87.2303637 30.4593523)"
,248,159332053,161,164,rail,no,rail,,,10 mph,,,,,,,,1435,yard,16.67099019360177,"LINESTRING (-87.2303637 30.4593523, -87.2304424 30.459486)"
,249,159332053,164,168,rail,no,rail,,,10 mph,,,,,,,,1435,yard,24.924023196537735,"LINESTRING (-87.2304424 30.459486, -87.2305783 30.4596771)"
,250,159332053,168,174,rail,no,rail,,,10 mph,,,,,,,,1435,yard,43.578261482513945,"LINESTRING (-87.2305783 30.4596771, -87.2308221 30.4600079)"
,251,159332054,175,184,rail,no,rail,,,10 mph,,,,,,,,1435,yard,53.25266932476371,"LINESTRING (-87.2315203 30.4600153, -87.2316842 30.4604729)"
,252,159332054,184,187,rail,no,rail,,,10 mph,,,,,,,,1435,yard,14.378554071800783,"LINESTRING (-87.2316842 30.4604729, -87.23173679999999 30.460594)"
,253,159332054,187,191,rail,no,rail,,,10 mph,,,,,,,,1435,yard,20.325256133702265,"LINESTRING (-87.23173679999999 30.460594, -87.2318209 30.4607618)"
,254,159332054,191,212,rail,no,rail,,,10 mph,,,,,,,,1435,yard,374.4346925344502,"LINESTRING (-87.2318209 30.4607618, -87.23342270000001 30.4638331)"
,255,159332054,212,213,rail,no,rail,,,10 mph,,,,,,,,1435,yard,23.349902650106618,"LINESTRING (-87.23342270000001 30.4638331, -87.2335257 30.4640234)"
,256,159332054,213,216,rail,no,rail,,,10 mph,,,,,,,,1435,yard,28.280002229445586,"LINESTRING (-87.2335257 30.4640234, -87.2336707 30.4642449)"
,257,159332054,216,218,rail,no,rail,,,10 mph,,,,,,,,1435,yard,37.39183597452353,"LINESTRING (-87.2336707 30.4642449, -87.2338721 30.4645329)"
PD Subdivision,258,164977869,14,13,rail,no,rail,,,20 mph,,,,,,main,,1435,,43.37761958426577,"LINESTRING (-87.2355431 30.4670439, -87.2353547 30.4666892)"
PD Subdivision,259,164977869,13,5,rail,no,rail,,,20 mph,,,,,,main,,1435,,55.04983928555927,"LINESTRING (-87.2353547 30.4666892, -87.2351243 30.4662357)"
PD Subdivision,260,164977869,5,442,rail,no,rail,,,20 mph,,,,,,main,,1435,,27.762599209727977,"LINESTRING (-87.2351243 30.4662357, -87.2350047 30.4660083)"
PD Subdivision,261,164977869,442,81,rail,no,rail,,,20 mph,,,,,,main,,1435,,9.390667497765323,"LINESTRING (-87.2350047 30.4660083, -87.23496419999999 30.4659314)"
PD Subdivision,262,164977869,81,6,rail,no,rail,,,20 mph,,,,,,main,,1435,,65.54280807908378,"LINESTRING (-87.23496419999999 30.4659314, -87.2346848 30.4653934)"
PD Subdivision,263,164977869,6,464,rail,no,rail,,,20 mph,,,,,,main,,1435,,291.77577867727337,"LINESTRING (-87.2346848 30.4653934, -87.23344489999999 30.4629969)"
PD Subdivision,264,164977869,464,7,rail,no,rail,,,20 mph,,,,,,main,,1435,,63.55516157556687,"LINESTRING (-87.23344489999999 30.4629969, -87.2331748 30.4624749)"
PD Subdivision,265,164977869,7,441,rail,no,rail,,,20 mph,,,,,,main,,1435,,38.31036123959091,"LINESTRING (-87.2331748 30.4624749, -87.23300500000001 30.462163)"
PD Subdivision,266,164977869,441,8,rail,no,rail,,,20 mph,,,,,,main,,1435,,94.4398011489748,"LINESTRING (-87.23300500000001 30.462163, -87.2325996 30.4613889)"
PD Subdivision,267,164977869,8,9,rail,no,rail,,,20 mph,,,,,,main,,1435,,199.3843233527313,"LINESTRING (-87.2325996 30.4613889, -87.2317499 30.4597522)"
PD Subdivision,268,164977869,9,462,rail,no,rail,,,20 mph,,,,,,main,,1435,,133.82808396446592,"LINESTRING (-87.2317499 30.4597522, -87.2311789 30.4586539)"
PD Subdivision,269,164977869,462,463,rail,no,rail,,,20 mph,,,,,,main,,1435,,650.8517976806705,"LINESTRING (-87.2311789 30.4586539, -87.228402 30.4533125)"
PD Subdivision,270,164977869,463,12,rail,no,rail,,,20 mph,,,,,,main,,1435,,284.14430762228585,"LINESTRING (-87.228402 30.4533125, -87.2271897 30.4509806)"
,271,343125262,86,230,rail,no,rail,,,10 mph,,,,,,,,1435,yard,65.21084148274304,"LINESTRING (-87.2270568 30.4508991, -87.2273339 30.4514347)"
,272,343125262,230,231,rail,no,rail,,,10 mph,,,,,,,,1435,yard,38.38125395867161,"LINESTRING (-87.2273339 30.4514347, -87.227495 30.4517507)"
,273,343125262,231,232,rail,no,rail,,,10 mph,,,,,,,,1435,yard,38.0992931180158,"LINESTRING (-87.227495 30.4517507, -87.2276538 30.4520648)"
,274,343125262,232,233,rail,no,rail,,,10 mph,,,,,,,,1435,yard,87.6531299422637,"LINESTRING (-87.2276538 30.4520648, -87.22802969999999 30.4527834)"
,275,343125262,233,234,rail,no,rail,,,10 mph,,,,,,,,1435,yard,105.36314296093559,"LINESTRING (-87.22802969999999 30.4527834, -87.22848740000001 30.4536449)"
,276,343125262,234,235,rail,no,rail,,,10 mph,,,,,,,,1435,yard,46.08395640091633,"LINESTRING (-87.22848740000001 30.4536449, -87.2286835 30.4540233)"
,277,343125262,235,236,rail,no,rail,,,10 mph,,,,,,,,1435,yard,89.4706024537225,"LINESTRING (-87.2286835 30.4540233, -87.2290641 30.454758)"
,278,343125262,236,237,rail,no,rail,,,10 mph,,,,,,,,1435,yard,134.82696359205553,"LINESTRING (-87.2290641 30.454758, -87.2296432 30.455863)"
,279,343125262,237,238,rail,no,rail,,,10 mph,,,,,,,,1435,yard,27.4501491836452,"LINESTRING (-87.2296432 30.455863, -87.22976 30.4560884)"
,280,343125262,238,239,rail,no,rail,,,10 mph,,,,,,,,1435,yard,101.25198748157435,"LINESTRING (-87.22976 30.4560884, -87.2301803 30.4569238)"
,281,343125262,239,240,rail,no,rail,,,10 mph,,,,,,,,1435,yard,39.543238546944565,"LINESTRING (-87.2301803 30.4569238, -87.23035539999999 30.4572458)"
,282,343125262,240,241,rail,no,rail,,,10 mph,,,,,,,,1435,yard,84.17155749942542,"LINESTRING (-87.23035539999999 30.4572458, -87.2307103 30.4579382)"
,283,343125262,241,242,rail,no,rail,,,10 mph,,,,,,,,1435,yard,50.400407315182605,"LINESTRING (-87.2307103 30.4579382, -87.2309228 30.4583528)"
,284,343125262,242,243,rail,no,rail,,,10 mph,,,,,,,,1435,yard,98.67593851730643,"LINESTRING (-87.2309228 30.4583528, -87.2313454 30.459162)"
,285,343125262,243,244,rail,no,rail,,,10 mph,,,,,,,,1435,yard,33.23685078622819,"LINESTRING (-87.2313454 30.459162, -87.2314949 30.4594317)"
,286,343125262,244,245,rail,no,rail,,,10 mph,,,,,,,,1435,yard,101.47552664558555,"LINESTRING (-87.2314949 30.4594317, -87.2319268 30.4602649)"
,287,343125262,245,246,rail,no,rail,,,10 mph,,,,,,,,1435,yard,19.34045733413599,"LINESTRING (-87.2319268 30.4602649, -87.2320086 30.4604239)"
,288,343125262,246,78,rail,no,rail,,,10 mph,,,,,,,,1435,yard,62.631357469867446,"LINESTRING (-87.2320086 30.4604239, -87.23227060000001 30.4609399)"
,289,353259656,90,247,rail,no,rail,,,10 mph,,,,,,,,1435,yard,67.20419557030712,"LINESTRING (-87.2272072 30.4513485, -87.2274853 30.4519033)"
,290,353259656,247,248,rail,no,rail,,,10 mph,,,,,,,,1435,yard,81.56428006068384,"LINESTRING (-87.2274853 30.4519033, -87.2278288 30.4525744)"
,291,353259656,248,249,rail,no,rail,,,10 mph,,,,,,,,1435,yard,88.84038377878507,"LINESTRING (-87.2278288 30.4525744, -87.228217 30.4532999)"
,292,353259656,249,250,rail,no,rail,,,10 mph,,,,,,,,1435,yard,98.36034725885325,"LINESTRING (-87.228217 30.4532999, -87.2286398 30.4541059)"
,293,353259656,250,251,rail,no,rail,,,10 mph,,,,,,,,1435,yard,79.65723061086695,"LINESTRING (-87.2286398 30.4541059, -87.2289753 30.4547613)"
,294,353259656,251,252,rail,no,rail,,,10 mph,,,,,,,,1435,yard,86.92748306386258,"LINESTRING (-87.2289753 30.4547613, -87.2293513 30.4554727)"
,295,353259656,252,253,rail,no,rail,,,10 mph,,,,,,,,1435,yard,98.58164593604647,"LINESTRING (-87.2293513 30.4554727, -87.229766 30.456284)"
,296,353259656,253,254,rail,no,rail,,,10 mph,,,,,,,,1435,yard,100.81786910507564,"LINESTRING (-87.229766 30.456284, -87.2301969 30.4571111)"
,297,353259656,254,255,rail,no,rail,,,10 mph,,,,,,,,1435,yard,23.73761148867697,"LINESTRING (-87.2301969 30.4571111, -87.2302945 30.4573073)"
,298,353259656,255,256,rail,no,rail,,,10 mph,,,,,,,,1435,yard,49.89010595451999,"LINESTRING (-87.2302945 30.4573073, -87.2305059 30.4577173)"
,299,353259656,256,257,rail,no,rail,,,10 mph,,,,,,,,1435,yard,98.58127671554817,"LINESTRING (-87.2305059 30.4577173, -87.2309206 30.4585286)"
,300,353259656,257,258,rail,no,rail,,,10 mph,,,,,,,,1435,yard,87.95542478431706,"LINESTRING (-87.2309206 30.4585286, -87.2312865 30.459254)"
,301,353259656,258,259,rail,no,rail,,,10 mph,,,,,,,,1435,yard,90.20992126919575,"LINESTRING (-87.2312865 30.459254, -87.2316869 30.4599882)"
,302,353259656,259,260,rail,no,rail,,,10 mph,,,,,,,,1435,yard,59.666544782059276,"LINESTRING (-87.2316869 30.4599882, -87.23193879999999 30.4604789)"
,303,353259657,261,262,rail,no,rail,,,10 mph,,,,,,,,1435,yard,76.29102707851625,"LINESTRING (-87.2273094 30.4516499, -87.2276336 30.4522765)"
,304,353259657,262,263,rail,no,rail,,,10 mph,,,,,,,,1435,yard,15.813475254039846,"LINESTRING (-87.2276336 30.4522765, -87.2276967 30.4524079)"
,305,353259657,263,264,rail,no,rail,,,10 mph,,,,,,,,1435,yard,70.18830655994904,"LINESTRING (-87.2276967 30.4524079, -87.22800359999999 30.452981)"
,306,353259657,264,265,rail,no,rail,,,10 mph,,,,,,,,1435,yard,70.89971687632294,"LINESTRING (-87.22800359999999 30.452981, -87.2283065 30.4535627)"
,307,353259657,265,266,rail,no,rail,,,10 mph,,,,,,,,1435,yard,91.66448557490226,"LINESTRING (-87.2283065 30.4535627, -87.2286988 30.4543145)"
,308,353259657,266,267,rail,no,rail,,,10 mph,,,,,,,,1435,yard,69.51293200968114,"LINESTRING (-87.2286988 30.4543145, -87.2289935 30.4548857)"
,309,353259657,267,268,rail,no,rail,,,10 mph,,,,,,,,1435,yard,99.82001252488374,"LINESTRING (-87.2289935 30.4548857, -87.2294306 30.4557005)"
,310,353259657,268,269,rail,no,rail,,,10 mph,,,,,,,,1435,yard,79.59245710806636,"LINESTRING (-87.2294306 30.4557005, -87.2297599 30.4563576)"
,311,353259657,269,270,rail,no,rail,,,10 mph,,,,,,,,1435,yard,71.35579621337666,"LINESTRING (-87.2297599 30.4563576, -87.2300607 30.4569446)"
,312,353259657,270,271,rail,no,rail,,,10 mph,,,,,,,,1435,yard,78.97528495561448,"LINESTRING (-87.2300607 30.4569446, -87.230388 30.4575964)"
,313,353259657,271,272,rail,no,rail,,,10 mph,,,,,,,,1435,yard,69.31856778211052,"LINESTRING (-87.230388 30.4575964, -87.2306868 30.4581641)"
,314,353259657,272,273,rail,no,rail,,,10 mph,,,,,,,,1435,yard,83.56566161693485,"LINESTRING (-87.2306868 30.4581641, -87.23104050000001 30.458851)"
,315,353259657,273,274,rail,no,rail,,,10 mph,,,,,,,,1435,yard,77.94551858113486,"LINESTRING (-87.23104050000001 30.458851, -87.2313779 30.4594888)"
,316,353259657,274,275,rail,no,rail,,,10 mph,,,,,,,,1435,yard,94.63551710338729,"LINESTRING (-87.2313779 30.4594888, -87.2317844 30.4602644)"
,317,353259658,276,277,rail,no,rail,,,10 mph,,,,,,,,1435,yard,60.697209666121886,"LINESTRING (-87.231466 30.459826, -87.2312031 30.4593294)"
,318,353259658,277,278,rail,no,rail,,,10 mph,,,,,,,,1435,yard,82.4998036123354,"LINESTRING (-87.2312031 30.4593294, -87.2308494 30.458653)"
,319,353259658,278,279,rail,no,rail,,,10 mph,,,,,,,,1435,yard,90.79888179226057,"LINESTRING (-87.2308494 30.458653, -87.2304652 30.4579066)"
,320,353259658,279,280,rail,no,rail,,,10 mph,,,,,,,,1435,yard,89.24038594355756,"LINESTRING (-87.2304652 30.4579066, -87.23008919999999 30.4571724)"
,321,353259658,280,281,rail,no,rail,,,10 mph,,,,,,,,1435,yard,104.83577140293168,"LINESTRING (-87.23008919999999 30.4571724, -87.229642 30.456312)"
,322,353259658,281,282,rail,no,rail,,,10 mph,,,,,,,,1435,yard,91.69452125085354,"LINESTRING (-87.229642 30.456312, -87.2292578 30.4555568)"
,323,353259658,282,283,rail,no,rail,,,10 mph,,,,,,,,1435,yard,80.82173697635588,"LINESTRING (-87.2292578 30.4555568, -87.2289061 30.4548962)"
,324,353259658,283,284,rail,no,rail,,,10 mph,,,,,,,,1435,yard,75.0333273694729,"LINESTRING (-87.2289061 30.4548962, -87.2285931 30.4542777)"
,325,353259658,284,285,rail,no,rail,,,10 mph,,,,,,,,1435,yard,81.55091526873264,"LINESTRING (-87.2285931 30.4542777, -87.2282455 30.4536083)"
,326,353259658,285,286,rail,no,rail,,,10 mph,,,,,,,,1435,yard,68.62116231558744,"LINESTRING (-87.2282455 30.4536083, -87.2279467 30.4530475)"
,327,353259658,286,287,rail,no,rail,,,10 mph,,,,,,,,1435,yard,47.25952129148086,"LINESTRING (-87.2279467 30.4530475, -87.22774339999999 30.4526603)"
,328,353259658,287,288,rail,no,rail,,,10 mph,,,,,,,,1435,yard,29.753410676207995,"LINESTRING (-87.22774339999999 30.4526603, -87.22761939999999 30.452415)"
,329,353259658,288,96,rail,no,rail,,,10 mph,,,,,,,,1435,yard,37.86705979338408,"LINESTRING (-87.22761939999999 30.452415, -87.22745209999999 30.4521065)"
,330,353259659,98,289,rail,no,rail,,,10 mph,,,,,,,,1435,yard,87.96111795082844,"LINESTRING (-87.22752819999999 30.4523319, -87.227906 30.4530528)"
,331,353259659,289,290,rail,no,rail,,,10 mph,,,,,,,,1435,yard,83.48878842565958,"LINESTRING (-87.227906 30.4530528, -87.2282577 30.4537397)"
,332,353259659,290,291,rail,no,rail,,,10 mph,,,,,,,,1435,yard,44.72900148775408,"LINESTRING (-87.2282577 30.4537397, -87.2284508 30.4541059)"
,333,353259659,291,292,rail,no,rail,,,10 mph,,,,,,,,1435,yard,63.66647557600241,"LINESTRING (-87.2284508 30.4541059, -87.2287232 30.4546281)"
,334,353259659,292,293,rail,no,rail,,,10 mph,,,,,,,,1435,yard,100.54618345266388,"LINESTRING (-87.2287232 30.4546281, -87.22915620000001 30.4554517)"
,335,353259659,293,294,rail,no,rail,,,10 mph,,,,,,,,1435,yard,100.39690762044236,"LINESTRING (-87.22915620000001 30.4554517, -87.229581 30.456277)"
,336,353259659,294,295,rail,no,rail,,,10 mph,,,,,,,,1435,yard,33.7437314519742,"LINESTRING (-87.229581 30.456277, -87.2297253 30.4565538)"
,337,353259659,295,296,rail,no,rail,,,10 mph,,,,,,,,1435,yard,78.60302795313561,"LINESTRING (-87.2297253 30.4565538, -87.23005670000001 30.4572004)"
,338,353259659,296,297,rail,no,rail,,,10 mph,,,,,,,,1435,yard,104.65298772849086,"LINESTRING (-87.23005670000001 30.4572004, -87.2305039 30.458059)"
,339,353259659,297,298,rail,no,rail,,,10 mph,,,,,,,,1435,yard,85.80433511459994,"LINESTRING (-87.2305039 30.458059, -87.2308738 30.4587617)"
,340,353259659,298,299,rail,no,rail,,,10 mph,,,,,,,,1435,yard,11.329518615814715,"LINESTRING (-87.2308738 30.4587617, -87.2309226 30.4588545)"
,341,353259659,299,300,rail,no,rail,,,10 mph,,,,,,,,1435,yard,7.84997413352407,"LINESTRING (-87.2309226 30.4588545, -87.2309551 30.4589193)"
,342,353259659,300,301,rail,no,rail,,,10 mph,,,,,,,,1435,yard,11.595270925673196,"LINESTRING (-87.2309551 30.4589193, -87.2309958 30.4590175)"
,343,353259659,301,302,rail,no,rail,,,10 mph,,,,,,,,1435,yard,22.133180818761367,"LINESTRING (-87.2309958 30.4590175, -87.23106079999999 30.4592085)"
,344,353259659,302,303,rail,no,rail,,,10 mph,,,,,,,,1435,yard,24.675539053808752,"LINESTRING (-87.23106079999999 30.4592085, -87.2311624 30.4594124)"
,345,353259660,99,304,rail,no,rail,,,10 mph,,,,,,,,1435,yard,87.81306413137713,"LINESTRING (-87.2276013 30.4525524, -87.22797919999999 30.4532718)"
,346,353259660,304,305,rail,no,rail,,,10 mph,,,,,,,,1435,yard,68.49765472775427,"LINESTRING (-87.22797919999999 30.4532718, -87.2282658 30.4538361)"
,347,353259660,305,306,rail,no,rail,,,10 mph,,,,,,,,1435,yard,77.81017594241568,"LINESTRING (-87.2282658 30.4538361, -87.22859510000001 30.4544757)"
,348,353259660,306,307,rail,no,rail,,,10 mph,,,,,,,,1435,yard,93.04173559402288,"LINESTRING (-87.22859510000001 30.4544757, -87.2289956 30.4552379)"
,349,353259660,307,308,rail,no,rail,,,10 mph,,,,,,,,1435,yard,89.29583123817466,"LINESTRING (-87.2289956 30.4552379, -87.2293777 30.4559703)"
,350,353259660,308,309,rail,no,rail,,,10 mph,,,,,,,,1435,yard,78.34892573058816,"LINESTRING (-87.2293777 30.4559703, -87.229707 30.4566152)"
,351,353259660,309,310,rail,no,rail,,,10 mph,,,,,,,,1435,yard,94.26320620971481,"LINESTRING (-87.229707 30.4566152, -87.23011150000001 30.4573879)"
,352,353259660,310,311,rail,no,rail,,,10 mph,,,,,,,,1435,yard,97.00256198382448,"LINESTRING (-87.23011150000001 30.4573879, -87.2305222 30.4581852)"
,353,353259660,311,312,rail,no,rail,,,10 mph,,,,,,,,1435,yard,72.54399296811353,"LINESTRING (-87.2305222 30.4581852, -87.2308352 30.4587792)"
,354,353259660,312,313,rail,no,rail,,,10 mph,,,,,,,,1435,yard,26.24944301939461,"LINESTRING (-87.2308352 30.4587792, -87.230947 30.4589947)"
,355,353259660,313,302,rail,no,rail,,,10 mph,,,,,,,,1435,yard,26.15634430165385,"LINESTRING (-87.230947 30.4589947, -87.23106079999999 30.4592085)"
,356,353259661,314,315,rail,no,rail,,,10 mph,,,,,,,,1435,yard,87.64586281164716,"LINESTRING (-87.230853 30.4589903, -87.23048350000001 30.4582693)"
,357,353259661,315,316,rail,no,rail,,,10 mph,,,,,,,,1435,yard,86.29964834870428,"LINESTRING (-87.23048350000001 30.4582693, -87.23010549999999 30.4575649)"
,358,353259661,316,317,rail,no,rail,,,10 mph,,,,,,,,1435,yard,64.29933209542149,"LINESTRING (-87.23010549999999 30.4575649, -87.2298351 30.4570357)"
,359,353259661,317,318,rail,no,rail,,,10 mph,,,,,,,,1435,yard,79.12844298497777,"LINESTRING (-87.2298351 30.4570357, -87.2295038 30.4563839)"
,360,353259661,318,319,rail,no,rail,,,10 mph,,,,,,,,1435,yard,72.76598992835689,"LINESTRING (-87.2295038 30.4563839, -87.2291989 30.4557846)"
,361,353259661,319,320,rail,no,rail,,,10 mph,,,,,,,,1435,yard,77.1818320296858,"LINESTRING (-87.2291989 30.4557846, -87.22886750000001 30.455152)"
,362,353259661,320,321,rail,no,rail,,,10 mph,,,,,,,,1435,yard,25.54104600952491,"LINESTRING (-87.22886750000001 30.455152, -87.22875569999999 30.4549435)"
,363,353259661,321,322,rail,no,rail,,,10 mph,,,,,,,,1435,yard,14.89402071104359,"LINESTRING (-87.22875569999999 30.4549435, -87.22868459999999 30.4548244)"
,364,353259661,322,323,rail,no,rail,,,10 mph,,,,,,,,1435,yard,25.73888717131342,"LINESTRING (-87.22868459999999 30.4548244, -87.2285423 30.4546281)"
,365,353259661,323,324,rail,no,rail,,,10 mph,,,,,,,,1435,yard,27.471021518981463,"LINESTRING (-87.2285423 30.4546281, -87.22839190000001 30.4544178)"
,366,353259661,324,347,rail,no,rail,,,10 mph,,,,,,,,1435,yard,25.76341557521358,"LINESTRING (-87.22839190000001 30.4544178, -87.2282462 30.4542231)"
,367,353259661,347,325,rail,no,rail,,,10 mph,,,,,,,,1435,yard,27.09688017591889,"LINESTRING (-87.2282462 30.4542231, -87.228093 30.4540183)"
,368,353259662,328,329,rail,no,rail,,,10 mph,,,,,,,,1435,yard,73.47035555978084,"LINESTRING (-87.23068429999999 30.45876, -87.2303799 30.4581536)"
,369,353259662,329,330,rail,no,rail,,,10 mph,,,,,,,,1435,yard,86.2233667367117,"LINESTRING (-87.2303799 30.4581536, -87.23000380000001 30.4574492)"
,370,353259662,330,331,rail,no,rail,,,10 mph,,,,,,,,1435,yard,103.33836382918138,"LINESTRING (-87.23000380000001 30.4574492, -87.2295627 30.4566012)"
,371,353259662,331,332,rail,no,rail,,,10 mph,,,,,,,,1435,yard,83.43768008454883,"LINESTRING (-87.2295627 30.4566012, -87.2292171 30.4559125)"
,372,353259662,332,333,rail,no,rail,,,10 mph,,,,,,,,1435,yard,91.74426996815639,"LINESTRING (-87.2292171 30.4559125, -87.2288269 30.4551591)"
,373,353259662,333,334,rail,no,rail,,,10 mph,,,,,,,,1435,yard,20.66737350792757,"LINESTRING (-87.2288269 30.4551591, -87.22873540000001 30.4549908)"
,374,353259662,334,323,rail,no,rail,,,10 mph,,,,,,,,1435,yard,44.374926769963686,"LINESTRING (-87.22873540000001 30.4549908, -87.2285423 30.4546281)"
,375,353259663,324,335,rail,no,rail,,,10 mph,,,,,,,,1435,yard,72.67047203135685,"LINESTRING (-87.22839190000001 30.4544178, -87.2286988 30.4550154)"
,376,353259663,335,336,rail,no,rail,,,10 mph,,,,,,,,1435,yard,93.01852592012271,"LINESTRING (-87.2286988 30.4550154, -87.22910330000001 30.4557758)"
,377,353259663,336,337,rail,no,rail,,,10 mph,,,,,,,,1435,yard,103.49646990370933,"LINESTRING (-87.22910330000001 30.4557758, -87.2295343 30.4566292)"
,378,353259663,337,338,rail,no,rail,,,10 mph,,,,,,,,1435,yard,100.63525851041851,"LINESTRING (-87.2295343 30.4566292, -87.2299652 30.4574545)"
,379,353259663,338,339,rail,no,rail,,,10 mph,,,,,,,,1435,yard,80.99320924692225,"LINESTRING (-87.2299652 30.4574545, -87.23031690000001 30.4581168)"
,380,353259663,339,340,rail,no,rail,,,10 mph,,,,,,,,1435,yard,53.57884263421905,"LINESTRING (-87.23031690000001 30.4581168, -87.23053760000001 30.4585595)"
,381,353259664,21,341,rail,no,rail,,,10 mph,,,,,,,,1435,yard,56.21511687751838,"LINESTRING (-87.230379 30.4583429, -87.230138 30.457882)"
,382,353259664,341,342,rail,no,rail,,,10 mph,,,,,,,,1435,yard,72.63737619729423,"LINESTRING (-87.230138 30.457882, -87.229827 30.4572863)"
,383,353259664,342,343,rail,no,rail,,,10 mph,,,,,,,,1435,yard,84.75955582405233,"LINESTRING (-87.229827 30.4572863, -87.2294794 30.4565854)"
,384,353259664,343,344,rail,no,rail,,,10 mph,,,,,,,,1435,yard,89.12730975039116,"LINESTRING (-87.2294794 30.4565854, -87.2290972 30.4558547)"
,385,353259664,344,345,rail,no,rail,,,10 mph,,,,,,,,1435,yard,85.45052099906684,"LINESTRING (-87.2290972 30.4558547, -87.2287273 30.4551555)"
,386,353259664,345,346,rail,no,rail,,,10 mph,,,,,,,,1435,yard,65.26254001947454,"LINESTRING (-87.2287273 30.4551555, -87.2284549 30.4546176)"
,387,353259664,346,347,rail,no,rail,,,10 mph,,,,,,,,1435,yard,48.21252190194678,"LINESTRING (-87.2284549 30.4546176, -87.2282462 30.4542231)"
,388,353259665,44,348,rail,no,rail,,,10 mph,,,,,,,,1435,yard,21.366204016075585,"LINESTRING (-87.2278774 30.4535326, -87.22791359999999 30.4537222)"
,389,353259665,348,349,rail,no,rail,,,10 mph,,,,,,,,1435,yard,8.58095219520494,"LINESTRING (-87.22791359999999 30.4537222, -87.22793369999999 30.4537974)"
,390,353259665,349,350,rail,no,rail,,,10 mph,,,,,,,,1435,yard,7.1209844625129275,"LINESTRING (-87.22793369999999 30.4537974, -87.2279552 30.4538587)"
,391,353259665,350,351,rail,no,rail,,,10 mph,,,,,,,,1435,yard,19.19390262408887,"LINESTRING (-87.2279552 30.4538587, -87.2280361 30.4540166)"
,392,353259665,351,352,rail,no,rail,,,10 mph,,,,,,,,1435,yard,50.99250658288218,"LINESTRING (-87.2280361 30.4540166, -87.2282435 30.4544389)"
,393,353259665,352,353,rail,no,rail,,,10 mph,,,,,,,,1435,yard,39.24736169821674,"LINESTRING (-87.2282435 30.4544389, -87.2283959 30.4547665)"
,394,353259665,353,354,rail,no,rail,,,10 mph,,,,,,,,1435,yard,35.006042400824356,"LINESTRING (-87.2283959 30.4547665, -87.2285402 30.4550557)"
,395,353259665,354,355,rail,no,rail,,,10 mph,,,,,,,,1435,yard,80.3971696212214,"LINESTRING (-87.2285402 30.4550557, -87.2288858 30.4557145)"
,396,353259665,355,356,rail,no,rail,,,10 mph,,,,,,,,1435,yard,25.583057962857332,"LINESTRING (-87.2288858 30.4557145, -87.2289914 30.4559258)"
,397,353259666,40,358,rail,no,rail,,,10 mph,,,,,,,,1435,yard,28.56939440611905,"LINESTRING (-87.2278546 30.454661, -87.22793249999999 30.454909)"
,398,353259666,358,359,rail,no,rail,,,10 mph,,,,,,,,1435,yard,16.824171854621188,"LINESTRING (-87.22793249999999 30.454909, -87.2279731 30.4550562)"
,399,353259666,359,360,rail,no,rail,,,10 mph,,,,,,,,1435,yard,12.163284954252665,"LINESTRING (-87.2279731 30.4550562, -87.2279873 30.4551649)"
,400,353259666,360,361,rail,no,rail,,,10 mph,,,,,,,,1435,yard,8.18642168871982,"LINESTRING (-87.2279873 30.4551649, -87.2279894 30.4552385)"
,401,353259666,361,362,rail,no,rail,,,10 mph,,,,,,,,1435,yard,12.891262269929324,"LINESTRING (-87.2279894 30.4552385, -87.22797919999999 30.4553541)"
,402,353259666,362,363,rail,no,rail,,,10 mph,,,,,,,,1435,yard,17.174340806894723,"LINESTRING (-87.22797919999999 30.4553541, -87.2279508 30.4555066)"
,403,353259666,363,364,rail,no,rail,,,10 mph,,,,,,,,1435,yard,10.973355646602355,"LINESTRING (-87.2279508 30.4555066, -87.2279182 30.4556012)"
,404,353259666,364,365,rail,no,rail,,,10 mph,,,,,,,,1435,yard,10.531217653460569,"LINESTRING (-87.2279182 30.4556012, -87.2278816 30.4556905)"
,405,353259666,365,366,rail,no,rail,,,10 mph,,,,,,,,1435,yard,14.815859118936249,"LINESTRING (-87.2278816 30.4556905, -87.22780849999999 30.4558079)"
,406,353259666,366,367,rail,no,rail,,,10 mph,,,,,,,,1435,yard,13.685803659680143,"LINESTRING (-87.22780849999999 30.4558079, -87.2277251 30.4559078)"
,407,353259666,367,368,rail,no,rail,,,10 mph,,,,,,,,1435,yard,14.095906208404333,"LINESTRING (-87.2277251 30.4559078, -87.2276296 30.4560042)"
,408,353259666,368,369,rail,no,rail,,,10 mph,,,,,,,,1435,yard,14.907566366981042,"LINESTRING (-87.2276296 30.4560042, -87.2275137 30.4560936)"
,409,353259666,369,370,rail,no,rail,,,10 mph,,,,,,,,1435,yard,13.511257382015302,"LINESTRING (-87.2275137 30.4560936, -87.2273958 30.4561602)"
,410,353259666,370,371,rail,no,rail,,,10 mph,,,,,,,,1435,yard,13.197443403229258,"LINESTRING (-87.2273958 30.4561602, -87.2272779 30.4562215)"
,411,353259666,371,372,rail,no,rail,,,10 mph,,,,,,,,1435,yard,7.161747973116361,"LINESTRING (-87.2272779 30.4562215, -87.2272088 30.456246)"
,412,353259666,372,373,rail,no,rail,,,10 mph,,,,,,,,1435,yard,11.337917773172546,"LINESTRING (-87.2272088 30.456246, -87.227097 30.4562793)"
,413,353259666,373,374,rail,no,rail,,,10 mph,,,,,,,,1435,yard,60.7552932709561,"LINESTRING (-87.227097 30.4562793, -87.2264933 30.4564458)"
,414,353259667,358,375,rail,no,rail,,,10 mph,,,,,,,,1435,yard,19.75951489396858,"LINESTRING (-87.22793249999999 30.454909, -87.2279508 30.455086)"
,415,353259667,375,376,rail,no,rail,,,10 mph,,,,,,,,1435,yard,8.575271968722287,"LINESTRING (-87.2279508 30.455086, -87.2279528 30.4551631)"
,416,353259667,376,377,rail,no,rail,,,10 mph,,,,,,,,1435,yard,11.312525207014856,"LINESTRING (-87.2279528 30.4551631, -87.2279467 30.4552647)"
,417,353259667,377,378,rail,no,rail,,,10 mph,,,,,,,,1435,yard,10.78278997474705,"LINESTRING (-87.2279467 30.4552647, -87.2279345 30.4553611)"
,418,353259667,378,379,rail,no,rail,,,10 mph,,,,,,,,1435,yard,12.845810617048938,"LINESTRING (-87.2279345 30.4553611, -87.2279121 30.455475)"
,419,353259667,379,380,rail,no,rail,,,10 mph,,,,,,,,1435,yard,9.833814406225427,"LINESTRING (-87.2279121 30.455475, -87.2278877 30.4555609)"
,420,353259668,65,381,rail,no,rail,,,10 mph,,,,,,,,1435,yard,42.32666227030079,"LINESTRING (-87.2277232 30.45438, -87.22794469999999 30.4547093)"
,421,353259668,381,382,rail,no,rail,,,10 mph,,,,,,,,1435,yard,12.206974926704547,"LINESTRING (-87.22794469999999 30.4547093, -87.2279975 30.4548092)"
,422,353259668,382,383,rail,no,rail,,,10 mph,,,,,,,,1435,yard,11.268116888562153,"LINESTRING (-87.2279975 30.4548092, -87.2280341 30.4549055)"
,423,353259668,383,384,rail,no,rail,,,10 mph,,,,,,,,1435,yard,11.351916867101652,"LINESTRING (-87.2280341 30.4549055, -87.2280585 30.4550054)"
,424,353259668,384,385,rail,no,rail,,,10 mph,,,,,,,,1435,yard,11.277506664243406,"LINESTRING (-87.2280585 30.4550054, -87.22807880000001 30.4551053)"
,425,353259668,385,386,rail,no,rail,,,10 mph,,,,,,,,1435,yard,13.478972215535004,"LINESTRING (-87.22807880000001 30.4551053, -87.228089 30.4552262)"
,426,353259668,386,387,rail,no,rail,,,10 mph,,,,,,,,1435,yard,13.466424175126066,"LINESTRING (-87.228089 30.4552262, -87.2280808 30.4553471)"
,427,353259668,387,388,rail,no,rail,,,10 mph,,,,,,,,1435,yard,12.373739914226995,"LINESTRING (-87.2280808 30.4553471, -87.2280646 30.4554575)"
,428,353259668,388,389,rail,no,rail,,,10 mph,,,,,,,,1435,yard,12.380909553712682,"LINESTRING (-87.2280646 30.4554575, -87.2280361 30.4555661)"
,429,353259668,389,390,rail,no,rail,,,10 mph,,,,,,,,1435,yard,11.21769637942956,"LINESTRING (-87.2280361 30.4555661, -87.2280016 30.4556625)"
,430,353259668,390,391,rail,no,rail,,,10 mph,,,,,,,,1435,yard,14.659950347612927,"LINESTRING (-87.2280016 30.4556625, -87.2279406 30.4557834)"
,431,353259668,391,392,rail,no,rail,,,10 mph,,,,,,,,1435,yard,12.303124239482907,"LINESTRING (-87.2279406 30.4557834, -87.2278776 30.4558798)"
,432,353259668,392,393,rail,no,rail,,,10 mph,,,,,,,,1435,yard,12.16756382396443,"LINESTRING (-87.2278776 30.4558798, -87.2278044 30.4559692)"
,433,353259668,393,394,rail,no,rail,,,10 mph,,,,,,,,1435,yard,10.779910885428354,"LINESTRING (-87.2278044 30.4559692, -87.22773119999999 30.4560428)"
,434,353259668,394,395,rail,no,rail,,,10 mph,,,,,,,,1435,yard,14.323715372680853,"LINESTRING (-87.22773119999999 30.4560428, -87.22762350000001 30.4561321)"
,435,353259668,395,396,rail,no,rail,,,10 mph,,,,,,,,1435,yard,12.122067444262075,"LINESTRING (-87.22762350000001 30.4561321, -87.22752180000001 30.4561969)"
,436,353259668,396,397,rail,no,rail,,,10 mph,,,,,,,,1435,yard,12.106535035424121,"LINESTRING (-87.22752180000001 30.4561969, -87.2274161 30.4562565)"
,437,353259668,397,398,rail,no,rail,,,10 mph,,,,,,,,1435,yard,10.020020882857906,"LINESTRING (-87.2274161 30.4562565, -87.22732259999999 30.4562968)"
,438,353259668,398,399,rail,no,rail,,,10 mph,,,,,,,,1435,yard,12.046434207414205,"LINESTRING (-87.22732259999999 30.4562968, -87.2272068 30.4563389)"
,439,353259668,399,400,rail,no,rail,,,10 mph,,,,,,,,1435,yard,10.910345445148993,"LINESTRING (-87.2272068 30.4563389, -87.227099 30.4563704)"
,440,353259668,400,401,rail,no,rail,,,10 mph,,,,,,,,1435,yard,62.85044213281796,"LINESTRING (-87.227099 30.4563704, -87.226473 30.4565386)"
,441,359412349,25,408,rail,no,rail,,,10 mph,,,,,,,,1435,yard,54.639875582079156,"LINESTRING (-87.226995 30.451743, -87.2269842 30.4522343)"
,442,359412349,408,409,rail,no,rail,,,10 mph,,,,,,,,1435,yard,17.237156718470626,"LINESTRING (-87.2269842 30.4522343, -87.2269869 30.4523893)"
,443,359412349,409,410,rail,no,rail,,,10 mph,,,,,,,,1435,yard,7.84861344945831,"LINESTRING (-87.2269869 30.4523893, -87.2269909 30.4524598)"
,444,359412349,410,411,rail,no,rail,,,10 mph,,,,,,,,1435,yard,10.636313538679708,"LINESTRING (-87.2269909 30.4524598, -87.22700570000001 30.4525546)"
,445,359412349,411,412,rail,no,rail,,,10 mph,,,,,,,,1435,yard,44.306076638226216,"LINESTRING (-87.22700570000001 30.4525546, -87.2271143 30.4529419)"
,446,359412349,412,413,rail,no,rail,,,10 mph,,,,,,,,1435,yard,52.90726643771938,"LINESTRING (-87.2271143 30.4529419, -87.2272444 30.4534043)"
,447,359412349,413,414,rail,no,rail,,,10 mph,,,,,,,,1435,yard,36.50773059840288,"LINESTRING (-87.2272444 30.4534043, -87.22733959999999 30.4537222)"
,448,359412349,414,415,rail,no,rail,,,10 mph,,,,,,,,1435,yard,10.493953921006918,"LINESTRING (-87.22733959999999 30.4537222, -87.2273718 30.4538124)"
,449,359412349,415,416,rail,no,rail,,,10 mph,,,,,,,,1435,yard,9.453882452314097,"LINESTRING (-87.2273718 30.4538124, -87.2274094 30.453891)"
,450,359412349,416,417,rail,no,rail,,,10 mph,,,,,,,,1435,yard,9.543918637742546,"LINESTRING (-87.2274094 30.453891, -87.22745500000001 30.4539673)"
,451,359412349,417,32,rail,no,rail,,,10 mph,,,,,,,,1435,yard,19.00641034221742,"LINESTRING (-87.22745500000001 30.4539673, -87.2275542 30.4541153)"
,452,359412350,43,419,rail,no,rail,,,10 mph,,,,,,,,1435,yard,28.071440234378848,"LINESTRING (-87.2271666 30.4527477, -87.2272712 30.4529835)"
,453,359412350,419,103,rail,no,rail,,,10 mph,,,,,,,,1435,yard,49.75417012466495,"LINESTRING (-87.2272712 30.4529835, -87.22746840000001 30.4533974)"
,454,359412351,23,422,rail,no,rail,,,10 mph,,,,,,,,1435,yard,69.66622648495657,"LINESTRING (-87.2278268 30.4533459, -87.22761989999999 30.4527453)"
,455,359412351,422,423,rail,no,rail,,,10 mph,,,,,,,,1435,yard,48.38128400669763,"LINESTRING (-87.22761989999999 30.4527453, -87.22748180000001 30.4523268)"
,456,359412351,423,424,rail,no,rail,,,10 mph,,,,,,,,1435,yard,54.19032776651827,"LINESTRING (-87.22748180000001 30.4523268, -87.2273249 30.4518586)"
,457,359412351,424,425,rail,no,rail,,,10 mph,,,,,,,,1435,yard,57.49331309892208,"LINESTRING (-87.2273249 30.4518586, -87.2271599 30.4513615)"
,458,359412351,425,53,rail,no,rail,,,10 mph,,,,,,,,1435,yard,22.77133406831813,"LINESTRING (-87.2271599 30.4513615, -87.2270888 30.4511661)"
,459,359412352,422,426,rail,no,rail,,,10 mph,,,,,,,,1435,yard,19.0654955840733,"LINESTRING (-87.22761989999999 30.4527453, -87.2276548 30.4529141)"
,460,359412352,426,427,rail,no,rail,,,10 mph,,,,,,,,1435,yard,20.045624954698418,"LINESTRING (-87.2276548 30.4529141, -87.22767760000001 30.4530933)"
,461,359412352,427,428,rail,no,rail,,,10 mph,,,,,,,,1435,yard,12.371272786939624,"LINESTRING (-87.22767760000001 30.4530933, -87.22769769999999 30.4532032)"
,462,359412352,428,429,rail,no,rail,,,10 mph,,,,,,,,1435,yard,14.187701989212073,"LINESTRING (-87.22769769999999 30.4532032, -87.2277285 30.453328)"
,463,359412352,429,430,rail,no,rail,,,10 mph,,,,,,,,1435,yard,16.494649688466694,"LINESTRING (-87.2277285 30.453328, -87.2277674 30.4534725)"
,464,359412353,431,432,rail,no,rail,,,,,,,,,,,1435,yard,28.745163855771388,"LINESTRING (-87.2297281 30.4581129, -87.2295766 30.4578898)"
,465,359412353,432,433,rail,no,rail,,,,,,,,,,,1435,yard,18.689487454737403,"LINESTRING (-87.2295766 30.4578898, -87.2294747 30.4577465)"
,466,359412353,433,434,rail,no,rail,,,,,,,,,,,1435,yard,21.737360045676873,"LINESTRING (-87.2294747 30.4577465, -87.2293727 30.4575719)"
,467,359412353,434,435,rail,no,rail,,,,,,,,,,,1435,yard,97.17757173536168,"LINESTRING (-87.2293727 30.4575719, -87.2289583 30.4567743)"
,468,359412356,169,436,rail,no,rail,,,10 mph,,,,,,,,1435,spur,64.87959053729634,"LINESTRING (-87.2291735 30.4597725, -87.2294538 30.4603036)"
,469,359412356,436,437,rail,no,rail,,,10 mph,,,,,,,,1435,spur,71.64089046084814,"LINESTRING (-87.2294538 30.4603036, -87.2297619 30.4608906)"
,470,359412356,437,438,rail,no,rail,,,10 mph,,,,,,,,1435,spur,115.65105353636068,"LINESTRING (-87.2297619 30.4608906, -87.23025800000001 30.4618387)"
,471,359412356,438,439,rail,no,rail,,,10 mph,,,,,,,,1435,spur,34.545902379597436,"LINESTRING (-87.23025800000001 30.4618387, -87.2304105 30.4621202)"
,472,362123024,197,441,rail,no,rail,,,10 mph,,,,,,,,1435,crossover,41.38868616116254,"LINESTRING (-87.2327904 30.46184, -87.23300500000001 30.462163)"
,473,947734098,446,447,rail,no,rail,,,0 mph,,,,,,,,1435,yard,6.971702072509178,"LINESTRING (-87.2299587 30.4587786, -87.2300252 30.4587532)"
,474,947734099,448,449,rail,no,rail,,,0 mph,,,,,,,,1435,yard,6.980465200580451,"LINESTRING (-87.2299706 30.4587974, -87.2300372 30.458772)"
,475,947734100,450,451,rail,no,rail,,,0 mph,,,,,,,,1435,yard,6.980463858427856,"LINESTRING (-87.2299823 30.4588198, -87.2300489 30.4587944)"
,476,947734101,452,453,rail,no,rail,,,0 mph,,,,,,,,1435,yard,6.971698195522893,"LINESTRING (-87.229994 30.4588434, -87.23006049999999 30.458818)"
,477,947734102,454,455,rail,no,rail,,,0 mph,,,,,,,,1435,yard,6.971696988703697,"LINESTRING (-87.23000519999999 30.4588636, -87.2300717 30.4588382)"
,478,947734103,456,457,rail,no,rail,,,0 mph,,,,,,,,1435,yard,6.984966388045285,"LINESTRING (-87.23001480000001 30.4588851, -87.2300814 30.4588596)"
,479,947734104,458,459,rail,no,rail,,,0 mph,,,,,,,,1435,yard,6.980458453572258,"LINESTRING (-87.23002700000001 30.45891, -87.2300936 30.4588846)"
,480,947734105,460,461,rail,no,rail,,,0 mph,,,,,,,,1435,yard,6.971693005159609,"LINESTRING (-87.2300362 30.4589302, -87.2301027 30.4589048)"
